M,k,model,seed,net_loss,net_loss_std,cash,ent_total,kl_track,l1_track,incons,n_subtrades,support_size
2,2,LOPAMM,0,3.851664,5.979881,71.102341,4.255262,0.020313,0.139823,,34,3
2,2,ind,0,-0.606051,10.607328,79.370767,6.547034,0.024805,0.152580,,34,3
2,2,base,0,-0.748481,3.754618,44.112012,1.192799,0.017745,0.130616,,27,3
2,2,LOPAMM,1,5.642947,8.253767,72.289908,5.406837,0.025017,0.157950,,32,3
2,2,ind,1,4.361441,10.957386,82.104187,4.662803,0.034213,0.173640,,32,3
2,2,base,1,1.069170,5.559371,41.301555,1.096556,0.018630,0.139926,,26,3
2,2,LOPAMM,2,3.271120,7.618836,74.647067,6.757684,0.016876,0.127699,,38,3
2,2,ind,2,6.936471,15.198479,79.893083,6.757684,0.021268,0.144604,,38,3
2,2,base,2,3.447528,7.614841,37.621299,3.352237,0.008927,0.096721,,29,3
2,2,LOPAMM,3,2.488646,4.770327,81.229907,2.091372,0.023045,0.138426,,32,3
2,2,ind,3,2.275834,8.546679,100.396850,2.091372,0.044282,0.177815,,32,3
2,2,base,3,0.989610,4.151101,54.127486,0.864696,0.019911,0.135296,,26,3
2,2,LOPAMM,4,1.087950,4.089156,58.521980,1.319456,0.013555,0.106311,,44,3
2,2,ind,4,1.120789,5.294923,58.786419,1.319456,0.015588,0.113485,,44,3
2,2,base,4,0.216579,2.061596,26.205158,0.287790,0.009753,0.078489,,32,3
2,2,LOPAMM,5,3.406936,4.932180,84.224761,3.537190,0.021668,0.145825,,38,3
2,2,ind,5,3.615578,6.255320,85.597006,3.537190,0.029347,0.172316,,38,3
2,2,base,5,0.638492,3.065928,49.126113,0.538949,0.023422,0.149691,,29,3
2,2,LOPAMM,6,0.953510,4.163733,57.329833,1.637536,0.018494,0.135856,,34,3
2,2,ind,6,1.460457,6.630976,62.493102,1.637536,0.022912,0.149365,,34,3
2,2,base,6,0.493162,3.099231,38.093675,0.558427,0.017802,0.126488,,27,3
2,2,LOPAMM,7,3.701493,7.378047,50.204333,6.043855,0.010473,0.101584,,32,3
2,2,ind,7,6.311022,14.261965,62.924828,6.043855,0.015786,0.122955,,32,3
2,2,base,7,2.818203,7.356333,36.000976,2.656529,0.010440,0.101064,,26,3
2,2,LOPAMM,8,5.928756,5.662383,70.618359,10.853989,0.025219,0.166079,,28,3
2,2,ind,8,7.803462,6.578794,89.454099,5.792653,0.039618,0.195488,,28,3
2,2,base,8,5.600878,5.619768,55.024082,5.419251,0.021442,0.148251,,24,3
2,2,LOPAMM,9,0.752721,3.382777,51.367310,0.663171,0.026435,0.165322,,26,3
2,2,ind,9,0.817678,3.774737,56.869121,0.638437,0.031090,0.181866,,26,3
2,2,base,9,0.107620,1.150666,43.520041,0.053497,0.025098,0.162047,,23,3
2,2,LOPAMM,10,5.200184,4.659162,84.895829,8.234392,0.026071,0.152579,,32,3
2,2,ind,10,8.006127,13.479929,109.856325,9.968380,0.033216,0.163791,,32,3
2,2,base,10,4.409943,6.398898,51.587864,4.226990,0.018882,0.118319,,26,3
2,2,LOPAMM,11,9.235556,9.637911,114.724043,17.807089,0.020573,0.134965,,40,3
2,2,ind,11,17.274828,19.420439,143.075494,17.807089,0.033110,0.173553,,40,3
2,2,base,11,8.614485,9.813879,70.926333,8.880682,0.018969,0.131126,,30,3
2,2,LOPAMM,12,3.148641,6.748307,88.415942,8.136829,0.019158,0.132399,,34,3
2,2,ind,12,7.834869,13.547663,101.411898,8.136829,0.049554,0.191239,,34,3
2,2,base,12,3.892206,6.836808,59.484195,4.043413,0.019641,0.134631,,27,3
2,2,LOPAMM,13,6.047686,7.303265,71.103334,8.351409,0.016483,0.109488,,38,3
2,2,ind,13,7.227654,18.117387,84.736649,9.947937,0.024007,0.134904,,38,3
2,2,base,13,3.020642,9.483405,39.958638,3.898745,0.015241,0.103744,,29,3
2,2,LOPAMM,14,4.400888,5.840577,68.189634,3.607868,0.031161,0.155313,,34,3
2,2,ind,14,3.826243,8.890296,75.088800,3.607868,0.037074,0.169706,,34,3
2,2,base,14,0.928509,4.372155,39.841368,0.841665,0.024283,0.138364,,27,3
2,2,LOPAMM,15,1.814924,4.693996,61.418422,3.121334,0.019211,0.145236,,30,3
2,2,ind,15,3.035336,8.477849,66.088230,2.737300,0.032548,0.173821,,30,3
2,2,base,15,1.485445,4.874778,40.601606,1.556309,0.015840,0.135668,,25,3
2,2,LOPAMM,16,6.808805,6.615640,132.954774,12.513044,0.027540,0.145723,,34,3
2,2,ind,16,12.354614,12.827737,140.439870,11.638790,0.061213,0.219510,,34,3
2,2,base,16,6.070729,7.501875,84.765389,6.081175,0.028085,0.155274,,27,3
2,2,LOPAMM,17,8.659587,8.434408,107.901937,17.248660,0.015473,0.095387,,36,3
2,2,ind,17,17.441854,17.171297,136.815053,17.248660,0.031364,0.134514,,36,3
2,2,base,17,8.671387,8.802573,77.220546,8.573166,0.017427,0.106138,,28,3
2,2,LOPAMM,18,16.805540,9.586534,94.880103,13.639402,0.042483,0.178072,,36,3
2,2,ind,18,14.569311,16.649299,118.412045,11.675445,0.061831,0.210073,,36,3
2,2,base,18,6.361463,10.047512,62.523723,5.038997,0.035525,0.164208,,28,3
2,2,LOPAMM,19,4.466156,6.716287,69.050012,8.523441,0.017186,0.115470,,32,3
2,2,ind,19,8.300441,13.570649,84.683551,8.523441,0.027232,0.147527,,32,3
2,2,base,19,4.063200,6.986878,42.009596,4.167501,0.015167,0.106075,,26,3
2,2,LOPAMM,20,7.575830,7.461286,88.387872,15.590614,0.015913,0.102546,,32,3
2,2,ind,20,14.346032,11.150377,110.790175,13.208701,0.023393,0.130810,,32,3
2,2,base,20,7.468066,7.353189,64.826275,7.623481,0.016290,0.103015,,26,3
2,2,LOPAMM,21,2.585886,6.101048,57.807186,5.599072,0.016069,0.122087,,36,3
2,2,ind,21,3.963901,9.297880,64.311368,4.180367,0.021602,0.133610,,36,3
2,2,base,21,2.235642,6.444398,33.987791,2.864127,0.012679,0.099548,,28,3
2,2,LOPAMM,22,2.229020,5.790646,79.083265,2.754601,0.027307,0.184908,,26,3
2,2,ind,22,2.571038,6.775140,86.941702,2.754601,0.034342,0.198436,,26,3
2,2,base,22,0.194484,2.450721,56.041093,0.265747,0.026546,0.183646,,23,3
2,2,LOPAMM,23,7.477328,9.585211,89.240992,13.665220,0.025371,0.161952,,34,3
2,2,ind,23,14.035145,19.922376,110.408785,13.665220,0.039612,0.196296,,34,3
2,2,base,23,6.696693,10.639512,60.900040,6.550688,0.022937,0.156847,,27,3
2,2,LOPAMM,24,2.388454,5.701993,106.501308,3.307051,0.020733,0.147581,,42,3
2,2,ind,24,2.998562,7.006396,100.438568,3.307051,0.030258,0.178277,,42,3
2,2,base,24,0.391084,2.956181,50.450515,0.483462,0.017753,0.138507,,31,3
2,2,LOPAMM,25,6.426592,9.602388,84.051054,12.885593,0.027488,0.167914,,30,3
2,2,ind,25,12.774851,19.280641,106.923946,12.885593,0.048260,0.212253,,30,3
2,2,base,25,6.349396,9.729740,61.697682,6.399071,0.024330,0.156287,,25,3
2,2,LOPAMM,26,1.686564,4.447356,90.445317,2.203146,0.020122,0.145088,,44,3
2,2,ind,26,2.251588,6.342574,84.934556,2.234945,0.026421,0.169883,,44,3
2,2,base,26,0.745135,2.687799,42.527687,0.545890,0.015723,0.122296,,32,3
2,2,LOPAMM,27,5.856583,9.494270,80.481392,12.134615,0.020356,0.135573,,34,3
2,2,ind,27,12.555599,20.375091,96.558136,12.767970,0.030712,0.162728,,34,3
2,2,base,27,6.016853,10.395166,55.157190,5.765658,0.017606,0.127608,,27,3
2,2,LOPAMM,28,0.711251,3.300889,43.054963,0.723255,0.022983,0.170076,,24,3
2,2,ind,28,-0.278167,2.131892,48.828511,0.669106,0.026352,0.179449,,24,3
2,2,base,28,0.233349,2.104791,39.052160,0.197060,0.023785,0.171745,,22,3
2,2,LOPAMM,29,8.372877,7.888162,74.036663,16.808752,0.017159,0.125981,,28,3
2,2,ind,29,13.556288,10.060283,79.441253,10.241347,0.023150,0.144287,,28,3
2,2,base,29,8.506036,8.110819,59.159112,8.503339,0.015057,0.119479,,24,3
2,2,LOPAMM,30,6.012959,8.884539,82.569467,11.624473,0.016058,0.100200,,30,3
2,2,ind,30,10.977051,22.110727,113.113959,14.075347,0.037122,0.141407,,30,3
2,2,base,30,5.413147,10.606927,64.062563,5.903225,0.018367,0.113421,,25,3
2,2,LOPAMM,31,7.337132,6.852096,78.866609,7.720278,0.016868,0.126825,,36,3
2,2,ind,31,7.752128,12.311685,84.463112,7.720278,0.019831,0.133801,,36,3
2,2,base,31,1.381427,6.996010,35.009711,1.364992,0.011883,0.107766,,28,3
2,2,LOPAMM,32,2.051216,5.178865,60.354176,2.656462,0.021198,0.148197,,30,3
2,2,ind,32,0.864313,7.364552,69.369856,3.266689,0.030897,0.173846,,30,3
2,2,base,32,0.452608,2.493742,43.752203,0.603401,0.023572,0.159301,,25,3
2,2,LOPAMM,33,4.424539,7.543726,70.269606,6.149498,0.026186,0.161086,,30,3
2,2,ind,33,5.655557,11.357006,86.245092,4.679892,0.039891,0.198018,,30,3
2,2,base,33,2.646116,6.815469,48.585240,2.552518,0.023053,0.153504,,25,3
2,2,LOPAMM,34,3.956508,7.404775,70.145283,7.352834,0.033790,0.199732,,26,3
2,2,ind,34,3.245229,8.168059,68.500657,4.620271,0.040598,0.215923,,26,3
2,2,base,34,3.894280,7.402502,57.203434,3.675584,0.031175,0.191551,,23,3
2,2,LOPAMM,35,6.621046,7.638170,83.388054,11.490666,0.018614,0.132942,,34,3
2,2,ind,35,11.773955,15.268773,99.413344,11.490666,0.034974,0.186741,,34,3
2,2,base,35,5.888200,7.630979,55.272192,5.745061,0.017499,0.132749,,27,3
2,2,LOPAMM,36,6.055803,8.477225,110.348507,8.082681,0.022920,0.141782,,42,3
2,2,ind,36,7.503756,16.922933,114.016453,8.082681,0.031861,0.169946,,42,3
2,2,base,36,3.694366,8.545141,58.100749,3.966253,0.020536,0.135589,,31,3
2,2,LOPAMM,37,12.522083,9.243045,79.180956,13.194190,0.038338,0.192045,,28,3
2,2,ind,37,13.350919,17.577099,92.453186,11.864194,0.051937,0.220036,,28,3
2,2,base,37,5.209475,10.983680,55.453576,4.701699,0.032707,0.181124,,24,3
2,2,LOPAMM,38,4.856457,7.430533,67.331018,9.813434,0.018977,0.140111,,32,3
2,2,ind,38,9.372960,12.841362,82.509761,7.976271,0.032588,0.181382,,32,3
2,2,base,38,4.868422,8.064515,50.830092,5.042957,0.021010,0.150347,,26,3
2,2,LOPAMM,39,6.974609,6.054939,102.206251,12.564365,0.028898,0.172959,,32,3
2,2,ind,39,12.916051,11.742280,125.198981,12.059586,0.041087,0.202031,,32,3
2,2,base,39,6.426262,6.402437,72.887885,6.210898,0.027291,0.162842,,26,3
3,2,LOPAMM,0,4.617854,9.314383,112.301683,4.602298,0.022804,0.151265,,56,6
3,2,ind,0,3.859879,11.510562,115.373040,5.060343,0.026878,0.163267,,56,6
3,2,base,0,0.813071,2.659838,59.221708,0.279299,0.017162,0.125290,,43,6
3,2,LOPAMM,1,10.570727,12.471910,119.862007,9.191678,0.024236,0.155045,,50,6
3,2,ind,1,7.571165,27.965678,152.239821,14.197163,0.039694,0.184770,,50,6
3,2,base,1,0.737851,6.628657,73.286396,1.035376,0.020404,0.142571,,40,6
3,2,LOPAMM,2,4.371856,7.974820,103.697987,8.123300,0.022298,0.142731,,50,6
3,2,ind,2,4.130166,18.229102,154.141667,7.985798,0.053867,0.190081,,50,6
3,2,base,2,1.588214,7.224905,73.804841,1.756199,0.022650,0.142537,,40,6
3,2,LOPAMM,3,8.191672,8.347390,130.509496,14.668631,0.017754,0.115094,,70,6
3,2,ind,3,13.931938,23.469147,158.963111,14.092328,0.027650,0.142013,,70,6
3,2,base,3,4.595278,9.426783,60.891106,4.335667,0.012298,0.090728,,50,6
3,2,LOPAMM,4,6.473737,9.086437,107.302393,13.079357,0.014533,0.108214,,66,6
3,2,ind,4,12.162403,26.611201,133.009359,13.972805,0.023583,0.135034,,66,6
3,2,base,4,4.166026,9.094242,46.212993,3.601723,0.007911,0.077430,,48,6
3,2,LOPAMM,5,9.952479,9.524634,127.305685,13.976796,0.023822,0.148194,,56,6
3,2,ind,5,14.563762,33.216601,197.619487,16.726448,0.054812,0.208563,,56,6
3,2,base,5,4.199351,10.899276,80.844214,4.021320,0.022199,0.140008,,43,6
3,2,LOPAMM,6,8.464627,8.892857,129.786481,19.679391,0.022493,0.155583,,56,6
3,2,ind,6,19.725268,27.326904,199.960759,20.230066,0.058002,0.217860,,56,6
3,2,base,6,6.604642,8.896071,81.949974,6.557589,0.019460,0.140772,,43,6
3,2,LOPAMM,7,7.461470,6.358168,143.028230,22.021195,0.016076,0.114753,,60,6
3,2,ind,7,11.995410,30.958149,199.582756,25.325559,0.040211,0.173960,,60,6
3,2,base,7,5.290188,11.477490,79.491712,7.534020,0.014202,0.108834,,45,6
3,2,LOPAMM,8,5.309334,7.390521,126.723397,11.480545,0.023155,0.139853,,58,6
3,2,ind,8,5.195223,15.067556,157.007058,13.487247,0.040562,0.187575,,58,6
3,2,base,8,3.403251,6.876736,84.142305,3.639067,0.025362,0.147187,,44,6
3,2,LOPAMM,9,6.472510,7.745351,102.495191,12.656618,0.014606,0.102566,,58,6
3,2,ind,9,3.224620,23.776144,124.107359,13.044650,0.022915,0.137408,,58,6
3,2,base,9,1.732644,9.043434,61.999495,3.491338,0.015838,0.106665,,44,6
3,2,LOPAMM,10,7.345625,8.989237,130.127004,22.315273,0.021343,0.131784,,60,6
3,2,ind,10,19.609519,24.277888,173.842943,19.745135,0.041120,0.172716,,60,6
3,2,base,10,6.831100,9.708034,68.771882,7.309338,0.014121,0.101337,,45,6
3,2,LOPAMM,11,6.635229,7.257838,126.319653,8.130461,0.023062,0.156628,,58,6
3,2,ind,11,5.896009,12.626773,147.947209,6.788483,0.033630,0.182058,,58,6
3,2,base,11,1.649403,5.262120,64.166262,1.853524,0.017422,0.128222,,44,6
3,2,LOPAMM,12,1.947090,6.599118,122.305027,4.012840,0.029243,0.166694,,60,6
3,2,ind,12,2.313071,12.715725,148.737022,3.967873,0.039331,0.187569,,60,6
3,2,base,12,0.656544,4.509042,64.900309,0.983573,0.021302,0.135822,,45,6
3,2,LOPAMM,13,6.756588,9.784979,159.959722,11.798283,0.024425,0.148857,,64,6
3,2,ind,13,8.716314,18.271226,179.873743,11.822385,0.044894,0.190969,,64,6
3,2,base,13,2.289350,7.492048,86.007678,2.526691,0.024571,0.144912,,47,6
3,2,LOPAMM,14,11.005051,13.897576,129.801134,26.385433,0.022569,0.142041,,60,6
3,2,ind,14,19.915954,25.428343,148.077551,15.587647,0.041937,0.180167,,60,6
3,2,base,14,7.867371,12.155759,71.623692,7.360174,0.017011,0.119782,,45,6
3,2,LOPAMM,15,6.821191,8.393119,108.840307,12.666781,0.013586,0.095441,,68,6
3,2,ind,15,11.880529,23.808071,138.344670,12.492312,0.025465,0.124079,,68,6
3,2,base,15,4.157964,8.258625,50.212167,4.102091,0.008994,0.072033,,49,6
3,2,LOPAMM,16,23.352757,13.455047,165.166827,49.336405,0.028264,0.147957,,56,6
3,2,ind,16,43.719593,30.521198,225.542748,40.471510,0.061430,0.201532,,56,6
3,2,base,16,15.966596,14.527410,114.132403,15.016237,0.030028,0.150632,,43,6
3,2,LOPAMM,17,9.203059,9.295942,155.896806,11.695360,0.024111,0.142004,,66,6
3,2,ind,17,11.508598,19.864800,173.098573,12.627829,0.033242,0.168433,,66,6
3,2,base,17,2.368386,7.842425,61.203689,2.290827,0.013704,0.102883,,48,6
3,2,LOPAMM,18,11.680269,13.428489,155.883689,14.807186,0.021650,0.123699,,72,6
3,2,ind,18,12.178650,29.515510,179.647651,17.478299,0.029725,0.142268,,72,6
3,2,base,18,1.325802,10.566672,64.351011,2.787379,0.015412,0.099336,,51,6
3,2,LOPAMM,19,13.064823,9.958819,129.393275,34.419907,0.014647,0.094853,,68,6
3,2,ind,19,34.891388,33.937094,201.308163,33.033774,0.029119,0.129628,,68,6
3,2,base,19,11.243895,13.289517,70.437739,11.024093,0.010240,0.067169,,49,6
3,2,LOPAMM,20,9.507044,8.472694,152.131345,25.060271,0.020877,0.127700,,62,6
3,2,ind,20,24.677745,21.795579,188.317200,20.870275,0.043081,0.173321,,62,6
3,2,base,20,8.539126,9.378836,83.803764,8.257320,0.016104,0.111350,,46,6
3,2,LOPAMM,21,8.954053,11.849996,115.634865,14.916407,0.019391,0.136241,,66,6
3,2,ind,21,9.693472,21.815567,148.289385,10.625141,0.028731,0.163081,,66,6
3,2,base,21,3.770327,10.013327,59.006497,3.916228,0.013945,0.107352,,48,6
3,2,LOPAMM,22,10.798860,8.391389,142.224572,28.169984,0.015310,0.104391,,54,6
3,2,ind,22,28.322275,27.456594,200.577130,29.194422,0.042038,0.176374,,54,6
3,2,base,22,9.944345,8.771259,91.353448,9.369903,0.014975,0.104470,,42,6
3,2,LOPAMM,23,2.985073,5.782092,114.970804,4.328187,0.021717,0.146967,,56,6
3,2,ind,23,4.247794,11.366708,143.675658,4.769058,0.035348,0.180830,,56,6
3,2,base,23,0.963696,3.406727,67.726942,0.903762,0.020660,0.139807,,43,6
3,2,LOPAMM,24,15.231229,13.059504,146.288126,26.593248,0.017481,0.114596,,70,6
3,2,ind,24,19.573729,48.754580,185.784336,31.112654,0.031846,0.155026,,70,6
3,2,base,24,3.775180,19.142121,72.091503,7.546023,0.013226,0.101371,,50,6
3,2,LOPAMM,25,6.550110,8.807855,98.234943,9.657704,0.012926,0.104109,,66,6
3,2,ind,25,9.924315,17.302712,119.948893,8.413400,0.021737,0.129082,,66,6
3,2,base,25,2.739322,7.206353,44.922926,2.393454,0.007580,0.080778,,48,6
3,2,LOPAMM,26,6.129227,6.802626,119.704357,13.533606,0.019530,0.132075,,58,6
3,2,ind,26,14.057814,19.110063,142.537479,11.710659,0.030500,0.169014,,58,6
3,2,base,26,4.584999,8.378699,69.753370,4.290759,0.017844,0.127983,,44,6
3,2,LOPAMM,27,6.935518,8.692331,91.062878,11.483518,0.013180,0.115064,,52,6
3,2,ind,27,10.616523,18.506275,102.970412,9.371722,0.017091,0.128384,,52,6
3,2,base,27,3.006397,8.531286,44.357133,2.533534,0.009009,0.096795,,41,6
3,2,LOPAMM,28,4.826753,8.619511,84.771126,10.930140,0.012257,0.103363,,56,6
3,2,ind,28,8.059764,22.400930,100.052155,10.297784,0.016935,0.118453,,56,6
3,2,base,28,2.341104,8.412884,39.993721,2.575097,0.008315,0.081482,,43,6
3,2,LOPAMM,29,3.725358,9.240703,107.251502,8.864533,0.016526,0.117038,,66,6
3,2,ind,29,1.373152,11.510755,126.466220,5.844983,0.025482,0.133451,,66,6
3,2,base,29,1.735077,5.860415,44.183043,1.714583,0.009745,0.082600,,48,6
3,2,LOPAMM,30,7.595988,8.632437,106.868870,21.376197,0.011832,0.098053,,58,6
3,2,ind,30,20.209964,23.527471,136.346409,17.653662,0.026739,0.135082,,58,6
3,2,base,30,6.733092,10.061920,62.187310,6.986641,0.012060,0.097908,,44,6
3,2,LOPAMM,31,8.368318,10.728591,130.189085,17.205989,0.017438,0.126555,,60,6
3,2,ind,31,14.912000,23.076484,156.967668,14.304945,0.032598,0.175059,,60,6
3,2,base,31,5.495211,10.959631,71.756715,4.789334,0.016976,0.125489,,45,6
3,2,LOPAMM,32,20.684779,9.281513,156.394796,52.794518,0.015262,0.098828,,58,6
3,2,ind,32,53.771673,32.236873,263.706459,50.876718,0.046382,0.170771,,58,6
3,2,base,32,17.630873,13.013188,114.982040,17.105466,0.014819,0.102513,,44,6
3,2,LOPAMM,33,4.883462,6.592104,98.401621,6.073952,0.018502,0.130172,,60,6
3,2,ind,33,5.035153,10.291021,117.847918,4.854706,0.029115,0.151983,,60,6
3,2,base,33,1.580733,4.721622,47.334952,1.599068,0.011001,0.092468,,45,6
3,2,LOPAMM,34,10.180984,8.484199,138.712139,19.487292,0.023014,0.139621,,52,6
3,2,ind,34,12.026872,16.499908,167.520993,12.043218,0.035829,0.172021,,52,6
3,2,base,34,5.894579,8.855951,85.656334,6.241851,0.019311,0.133117,,41,6
3,2,LOPAMM,35,5.995230,9.365050,101.611304,11.593196,0.017791,0.123409,,58,6
3,2,ind,35,8.068075,15.229971,132.842932,8.332262,0.031039,0.158658,,58,6
3,2,base,35,3.838582,7.180393,57.412019,3.194458,0.014885,0.110440,,44,6
3,2,LOPAMM,36,9.104018,8.744636,144.478670,8.310342,0.027713,0.162639,,60,6
3,2,ind,36,8.228386,11.899192,176.977403,9.135109,0.046558,0.196122,,60,6
3,2,base,36,1.437460,4.074016,69.056056,1.319557,0.019684,0.135094,,45,6
3,2,LOPAMM,37,7.981375,11.176023,113.401570,8.314811,0.018896,0.125748,,64,6
3,2,ind,37,10.483765,18.698936,133.567352,8.766191,0.025074,0.139158,,64,6
3,2,base,37,0.974232,5.058654,45.961018,1.016616,0.010200,0.088104,,47,6
3,2,LOPAMM,38,6.236203,7.461472,151.092160,7.553790,0.035435,0.169637,,60,6
3,2,ind,38,7.221066,19.168376,165.670729,8.021030,0.045163,0.192102,,60,6
3,2,base,38,1.927873,6.680487,69.222972,1.643629,0.021602,0.139246,,45,6
3,2,LOPAMM,39,10.151697,11.373502,156.579621,6.984899,0.022765,0.144279,,62,6
3,2,ind,39,4.764095,15.407473,180.515008,8.435537,0.040972,0.180411,,62,6
3,2,base,39,0.370498,2.815422,64.631472,0.518310,0.015516,0.121498,,46,6
4,2,LOPAMM,0,6.436025,9.200247,173.557059,17.412269,0.017003,0.124864,,86,10
4,2,ind,0,15.392946,29.733131,233.378266,18.839183,0.035432,0.168350,,86,10
4,2,base,0,3.903775,7.471083,85.281037,3.573004,0.013238,0.107052,,63,10
4,2,LOPAMM,1,11.259409,13.460569,153.258246,12.147334,0.019773,0.140573,,78,10
4,2,ind,1,7.204458,20.816701,190.570201,15.456162,0.033360,0.169493,,78,10
4,2,base,1,1.227896,4.560178,78.898238,1.086261,0.015591,0.119954,,59,10
4,2,LOPAMM,2,10.214303,16.431228,188.038522,16.857425,0.021421,0.146974,,80,10
4,2,ind,2,0.621970,12.519570,245.350891,14.963499,0.050604,0.205630,,80,10
4,2,base,2,2.049555,8.397496,97.386651,1.925736,0.019043,0.137524,,60,10
4,2,LOPAMM,3,25.392956,18.158115,187.958442,44.032340,0.024797,0.138107,,88,10
4,2,ind,3,30.179764,46.768085,240.060595,29.722286,0.039357,0.168842,,88,10
4,2,base,3,7.615544,18.662924,89.221079,8.758697,0.015856,0.102148,,64,10
4,2,LOPAMM,4,17.445402,12.566823,163.944591,35.893914,0.019320,0.115750,,92,10
4,2,ind,4,33.776290,46.204630,231.317121,32.734286,0.035308,0.150001,,92,10
4,2,base,4,8.736933,14.504697,69.866008,7.990343,0.010351,0.078711,,66,10
4,2,LOPAMM,5,14.672918,12.705546,211.199503,45.708771,0.019881,0.131431,,88,10
4,2,ind,5,37.428235,63.236780,350.022341,46.534342,0.064034,0.215666,,88,10
4,2,base,5,9.149465,17.268270,124.847084,11.294486,0.017451,0.122484,,64,10
4,2,LOPAMM,6,7.892879,8.530745,171.339946,14.640998,0.021824,0.141757,,80,10
4,2,ind,6,11.040000,21.924998,235.225494,16.562534,0.040867,0.187012,,80,10
4,2,base,6,3.001420,5.998252,89.896933,2.991105,0.018020,0.124239,,60,10
4,2,LOPAMM,7,9.172555,8.220871,186.193929,15.496379,0.018487,0.129621,,88,10
4,2,ind,7,8.796628,31.202856,255.026666,18.602926,0.046560,0.188621,,88,10
4,2,base,7,3.133020,8.535004,84.506589,3.065821,0.013857,0.111882,,64,10
4,2,LOPAMM,8,13.418551,9.136589,213.014551,30.665787,0.022754,0.118160,,94,10
4,2,ind,8,23.942086,29.045772,275.599428,29.790194,0.045617,0.165241,,94,10
4,2,base,8,8.301601,9.916650,105.901631,7.380502,0.016685,0.095803,,67,10
4,2,LOPAMM,9,10.343362,8.566771,154.202009,31.832597,0.012944,0.104402,,86,10
4,2,ind,9,21.689285,25.460471,214.669315,22.369142,0.031443,0.146347,,86,10
4,2,base,9,7.921273,11.889785,76.063166,7.150281,0.011610,0.093288,,63,10
4,2,LOPAMM,10,15.277508,14.002506,187.099142,48.836805,0.020271,0.134387,,86,10
4,2,ind,10,43.367460,50.595710,278.178372,39.688359,0.045428,0.186011,,86,10
4,2,base,10,11.648826,15.484088,101.622886,11.826662,0.013992,0.109916,,63,10
4,2,LOPAMM,11,8.590934,9.680188,200.336653,31.128081,0.013977,0.104292,,84,10
4,2,ind,11,30.907945,42.988856,293.780896,35.393536,0.045630,0.172749,,84,10
4,2,base,11,7.838904,9.977448,109.541980,7.699847,0.012126,0.098777,,62,10
4,2,LOPAMM,12,10.096865,12.900175,184.216202,24.243868,0.024045,0.156326,,82,10
4,2,ind,12,19.425822,30.914202,234.631574,18.077988,0.039669,0.184325,,82,10
4,2,base,12,6.460870,11.141992,86.235325,4.743936,0.014436,0.119275,,61,10
4,2,LOPAMM,13,33.649203,17.704926,233.352613,85.842351,0.024835,0.132882,,86,10
4,2,ind,13,72.592524,45.913727,365.973836,63.470943,0.058278,0.196606,,86,10
4,2,base,13,20.700588,15.984971,145.108918,19.758598,0.018439,0.112242,,63,10
4,2,LOPAMM,14,13.981226,13.707298,160.464227,10.748424,0.020291,0.132009,,92,10
4,2,ind,14,8.633895,13.714046,206.547650,12.840436,0.032090,0.159722,,92,10
4,2,base,14,0.003557,1.248054,67.187211,0.101470,0.012501,0.097109,,66,10
4,2,LOPAMM,15,5.189349,7.771620,133.392125,18.954529,0.010123,0.080984,,94,10
4,2,ind,15,16.133638,41.671433,192.519441,24.269337,0.025175,0.122328,,94,10
4,2,base,15,4.240902,9.741098,64.632390,4.586724,0.008792,0.072864,,67,10
4,2,LOPAMM,16,20.501397,12.774884,217.134669,53.713908,0.022696,0.133950,,90,10
4,2,ind,16,49.978941,43.961163,342.649818,44.578558,0.053281,0.193704,,90,10
4,2,base,16,14.406381,13.215083,125.486596,13.290589,0.020054,0.127216,,65,10
4,2,LOPAMM,17,7.498502,12.565177,166.448312,16.959086,0.021527,0.131366,,88,10
4,2,ind,17,10.818717,28.582716,192.352080,16.514062,0.028613,0.145017,,88,10
4,2,base,17,1.737359,8.756493,63.516947,1.963720,0.011843,0.088184,,64,10
4,2,LOPAMM,18,5.439928,8.519340,179.946040,14.050989,0.020721,0.132628,,98,10
4,2,ind,18,9.152713,15.484434,224.950746,8.803973,0.032254,0.149445,,98,10
4,2,base,18,2.519066,7.124323,63.428238,1.995756,0.009940,0.084666,,69,10
4,2,LOPAMM,19,20.066536,14.521877,175.817138,49.436801,0.018547,0.118981,,86,10
4,2,ind,19,49.187510,39.375773,238.641053,33.662045,0.036483,0.160805,,86,10
4,2,base,19,13.898445,14.723285,87.532885,10.533981,0.015031,0.099689,,63,10
4,2,LOPAMM,20,16.249101,12.069841,207.691465,53.189375,0.016620,0.107278,,86,10
4,2,ind,20,41.478923,60.208445,323.191675,51.454004,0.049013,0.171519,,86,10
4,2,base,20,10.765114,18.992335,118.556138,13.199029,0.014117,0.095457,,63,10
4,2,LOPAMM,21,18.830467,14.328579,183.944732,54.071966,0.016001,0.111819,,88,10
4,2,ind,21,56.316423,52.746269,280.075473,49.541404,0.043188,0.166409,,88,10
4,2,base,21,14.048391,14.537436,102.869174,12.710818,0.011722,0.091900,,64,10
4,2,LOPAMM,22,14.345064,10.760981,214.503940,40.879588,0.017713,0.116328,,86,10
4,2,ind,22,41.453822,46.905039,312.725447,43.225324,0.049624,0.196039,,86,10
4,2,base,22,10.540823,11.041131,123.343626,9.816543,0.016458,0.112859,,63,10
4,2,LOPAMM,23,11.449467,13.141996,161.161792,39.375816,0.015549,0.101720,,80,10
4,2,ind,23,32.442779,58.782559,234.816175,38.886844,0.041877,0.163899,,80,10
4,2,base,23,8.130956,15.816825,92.908472,9.506802,0.012887,0.091315,,60,10
4,2,LOPAMM,24,4.601707,8.937641,146.557537,7.795020,0.016885,0.116868,,96,10
4,2,ind,24,6.048743,27.867793,171.517670,11.274079,0.023151,0.136187,,96,10
4,2,base,24,1.331971,5.727490,59.129223,1.407974,0.008974,0.076113,,68,10
4,2,LOPAMM,25,5.071235,8.942283,165.410184,16.788352,0.016405,0.119375,,92,10
4,2,ind,25,13.767677,31.325407,191.719387,15.162873,0.028374,0.152009,,92,10
4,2,base,25,3.495105,9.329496,67.558325,3.390638,0.007727,0.088807,,66,10
4,2,LOPAMM,26,16.759002,15.626296,195.346692,50.432443,0.014962,0.109030,,90,10
4,2,ind,26,53.408496,52.883572,284.419949,42.781836,0.038873,0.171589,,90,10
4,2,base,26,13.202308,15.286306,97.710937,11.359340,0.011002,0.097338,,65,10
4,2,LOPAMM,27,11.469881,11.607104,127.113818,14.073317,0.012829,0.097413,,84,10
4,2,ind,27,10.625996,12.495115,139.275209,11.317634,0.014576,0.102365,,84,10
4,2,base,27,0.785415,4.488606,45.400776,0.837708,0.007770,0.069608,,62,10
4,2,LOPAMM,28,8.717653,15.185734,152.675359,15.362875,0.013922,0.104823,,96,10
4,2,ind,28,12.120156,21.518932,172.245372,14.194021,0.019059,0.120614,,96,10
4,2,base,28,1.347588,5.458141,43.310372,1.693777,0.004639,0.058460,,68,10
4,2,LOPAMM,29,28.428124,21.181822,192.116249,49.459911,0.021454,0.119513,,96,10
4,2,ind,29,45.696304,49.304333,239.689814,35.803386,0.033929,0.150312,,96,10
4,2,base,29,9.532765,18.502641,70.976141,8.421973,0.009715,0.079821,,68,10
4,2,LOPAMM,30,13.406423,13.289311,182.376306,44.244310,0.012663,0.097420,,90,10
4,2,ind,30,44.956220,52.176332,251.288646,38.006305,0.036160,0.161762,,90,10
4,2,base,30,10.967319,15.414746,100.559482,10.428835,0.012097,0.099922,,65,10
4,2,LOPAMM,31,23.222795,16.740171,184.966808,22.209997,0.019918,0.127579,,92,10
4,2,ind,31,19.805711,27.782192,241.361108,23.053209,0.034722,0.166169,,92,10
4,2,base,31,1.979610,6.130365,77.312753,2.096678,0.013109,0.099817,,66,10
4,2,LOPAMM,32,12.702240,15.421422,162.965270,29.003339,0.017417,0.127292,,84,10
4,2,ind,32,28.640693,36.930102,207.629693,21.276538,0.030373,0.161247,,84,10
4,2,base,32,7.361738,11.970362,79.498712,5.486623,0.012741,0.106871,,62,10
4,2,LOPAMM,33,5.242053,10.444752,119.973880,3.936089,0.016910,0.120282,,84,10
4,2,ind,33,4.464332,11.154031,148.835223,4.369553,0.021991,0.135528,,84,10
4,2,base,33,0.025389,0.826669,48.054048,0.048810,0.007795,0.075578,,62,10
4,2,LOPAMM,34,19.103196,22.431771,184.839656,29.044256,0.025544,0.152977,,78,10
4,2,ind,34,2.870752,17.166123,225.099743,20.834843,0.046996,0.188753,,78,10
4,2,base,34,5.293445,12.545867,92.280823,3.775498,0.019446,0.131107,,59,10
4,2,LOPAMM,35,16.623537,12.835864,193.310999,51.339161,0.020891,0.131889,,86,10
4,2,ind,35,44.710694,47.183152,266.317035,40.957400,0.043808,0.177235,,86,10
4,2,base,35,11.986350,16.492653,106.508746,12.182319,0.015239,0.109371,,63,10
4,2,LOPAMM,36,16.493518,16.039154,205.077968,26.242603,0.018939,0.127164,,84,10
4,2,ind,36,17.380730,34.763324,245.854150,22.540507,0.034774,0.159092,,84,10
4,2,base,36,3.010708,13.364415,84.624847,3.828131,0.014397,0.111432,,62,10
4,2,LOPAMM,37,4.863346,7.106713,159.730020,13.567898,0.017502,0.123386,,96,10
4,2,ind,37,4.841097,14.331595,182.873701,8.797249,0.023089,0.140200,,96,10
4,2,base,37,2.253149,6.019433,62.628585,2.920404,0.009228,0.081402,,68,10
4,2,LOPAMM,38,14.861382,15.282375,217.974460,48.566015,0.021293,0.140874,,90,10
4,2,ind,38,35.848923,42.866504,283.373844,34.140765,0.038117,0.177053,,90,10
4,2,base,38,10.051983,15.352482,113.301375,11.072255,0.015104,0.118240,,65,10
4,2,LOPAMM,39,12.362616,15.278000,198.201555,11.583143,0.019334,0.121628,,96,10
4,2,ind,39,2.401917,43.446820,237.278338,22.021970,0.038036,0.162756,,96,10
4,2,base,39,-0.020814,8.120098,77.487384,1.661024,0.010186,0.091526,,68,10
5,3,LOPAMM,0,25.333016,20.414672,325.315713,83.103452,0.014644,0.107292,,176,23
5,3,ind,0,36.459191,75.214950,480.386819,48.173097,0.034876,0.155703,,176,23
5,3,base,0,0.468028,4.597968,78.185434,0.964302,0.006279,0.071190,,101,23
5,3,LOPAMM,1,14.774036,20.791571,322.883376,35.780732,0.017514,0.124716,,172,23
5,3,ind,1,-0.908894,33.033563,436.030596,26.831458,0.036769,0.168173,,172,23
5,3,base,1,0.347991,2.279230,92.971018,0.463253,0.008664,0.085250,,101,23
5,3,LOPAMM,2,23.642775,22.944086,256.893131,70.754168,0.012244,0.089938,,198,23
5,3,ind,2,28.192553,57.963390,365.815039,36.382622,0.026388,0.129630,,198,23
5,3,base,2,2.531924,9.341199,64.015177,2.123548,0.004376,0.054451,,108,23
5,3,LOPAMM,3,38.461793,27.324040,438.158425,118.906541,0.016814,0.111873,,210,23
5,3,ind,3,67.801831,75.310130,645.845708,65.938808,0.043781,0.175279,,210,23
5,3,base,3,4.827807,8.380594,105.819273,5.228126,0.009181,0.079832,,110,23
5,3,LOPAMM,4,10.777222,12.550061,281.991098,41.754129,0.008833,0.073858,,234,23
5,3,ind,4,26.447970,74.249364,439.167814,34.370888,0.024346,0.123890,,234,23
5,3,base,4,1.869751,6.184256,71.944336,1.894210,0.005110,0.054155,,117,23
5,3,LOPAMM,5,17.751959,9.055848,334.526503,71.706792,0.015139,0.103261,,168,23
5,3,ind,5,32.555069,109.540335,595.942375,79.380278,0.050668,0.191119,,168,23
5,3,base,5,5.188717,12.055271,130.839322,5.838831,0.014176,0.099782,,96,23
5,3,LOPAMM,6,11.157528,13.064580,316.177653,44.373019,0.009474,0.081938,,220,23
5,3,ind,6,26.911488,58.042826,483.960383,28.142231,0.025257,0.136381,,220,23
5,3,base,6,2.635756,7.900732,79.489350,2.188952,0.006371,0.063761,,113,23
5,3,LOPAMM,7,10.994746,11.796067,261.673333,41.954534,0.010408,0.084765,,206,23
5,3,ind,7,20.693050,60.828197,396.227553,32.008232,0.021784,0.121286,,206,23
5,3,base,7,2.795894,7.104425,60.558327,2.487148,0.003372,0.049822,,110,23
5,3,LOPAMM,8,28.236723,21.923339,383.386409,60.965359,0.015421,0.110289,,224,23
5,3,ind,8,32.734915,60.674722,644.876666,35.077970,0.045643,0.178565,,224,23
5,3,base,8,2.095854,6.508832,99.105736,1.720276,0.008058,0.079519,,115,23
5,3,LOPAMM,9,30.575976,22.905333,285.472817,205.064082,0.013565,0.093676,,182,23
5,3,ind,9,109.917849,109.315659,457.551559,79.319028,0.028905,0.140052,,182,23
5,3,base,9,14.830159,22.356293,94.274964,14.002793,0.007270,0.064597,,102,23
5,3,LOPAMM,10,16.543819,18.875256,289.122751,64.625559,0.012188,0.099587,,170,23
5,3,ind,10,35.402346,62.398283,509.751568,44.047377,0.042010,0.177765,,170,23
5,3,base,10,3.217802,7.253467,94.189752,3.543918,0.008593,0.083892,,97,23
5,3,LOPAMM,11,15.025835,16.091871,282.334740,62.482295,0.011271,0.095927,,200,23
5,3,ind,11,32.725462,67.238954,439.516542,35.252905,0.024950,0.140982,,200,23
5,3,base,11,2.867868,7.745186,83.270050,2.760448,0.005990,0.070318,,108,23
5,3,LOPAMM,12,19.559753,17.906693,328.836491,74.699536,0.011719,0.093885,,232,23
5,3,ind,12,55.362433,84.605379,502.121435,45.513677,0.026120,0.140276,,232,23
5,3,base,12,4.108566,10.255476,90.061305,3.382066,0.006332,0.070034,,117,23
5,3,LOPAMM,13,24.693103,13.913529,431.631398,234.202156,0.010167,0.081670,,198,23
5,3,ind,13,159.029130,127.962078,767.334654,147.395087,0.043494,0.169387,,198,23
5,3,base,13,19.797279,20.604749,150.927327,20.057944,0.008232,0.073984,,106,23
5,3,LOPAMM,14,28.819777,14.553319,465.848899,129.495833,0.016426,0.109581,,204,23
5,3,ind,14,98.559704,139.783701,790.767331,107.388320,0.059040,0.205470,,204,23
5,3,base,14,9.164960,17.069389,120.803589,9.644644,0.009163,0.082180,,107,23
5,3,LOPAMM,15,19.853612,17.915221,319.514863,79.456218,0.008991,0.082435,,220,23
5,3,ind,15,60.121481,119.841051,482.143110,63.407412,0.024850,0.130320,,220,23
5,3,base,15,3.994559,12.694194,84.758589,3.940440,0.004358,0.062239,,115,23
5,3,LOPAMM,16,31.898277,17.993308,423.691871,216.231976,0.013485,0.091010,,198,23
5,3,ind,16,154.997069,120.207669,722.188955,114.148415,0.052676,0.182614,,198,23
5,3,base,16,18.417675,21.726208,139.868360,16.380586,0.011719,0.084191,,107,23
5,3,LOPAMM,17,20.696203,14.817510,350.393732,66.448131,0.010780,0.087272,,230,23
5,3,ind,17,37.092281,64.439235,544.574292,43.020363,0.029274,0.138460,,230,23
5,3,base,17,3.100033,6.947598,77.546220,3.419459,0.005111,0.059189,,117,23
5,3,LOPAMM,18,54.139565,10.224107,550.075792,266.834853,0.020042,0.116834,,194,23
5,3,ind,18,185.353675,151.093079,910.133834,178.055056,0.064691,0.212205,,194,23
5,3,base,18,19.584140,28.844800,179.134137,21.138625,0.012447,0.093287,,106,23
5,3,LOPAMM,19,9.432511,10.937988,256.568016,33.759251,0.011349,0.086540,,206,23
5,3,ind,19,17.249648,51.165745,407.516361,22.223715,0.022095,0.118661,,206,23
5,3,base,19,1.299435,5.630062,68.605772,1.296634,0.005856,0.059911,,109,23
5,3,LOPAMM,20,32.217079,24.973632,367.328127,130.202029,0.016843,0.115263,,192,23
5,3,ind,20,76.546747,125.373882,601.396094,69.433765,0.049971,0.188468,,192,23
5,3,base,20,7.382073,16.198354,113.634753,7.053734,0.009886,0.090103,,105,23
5,3,LOPAMM,21,25.032585,12.384412,357.320403,143.866710,0.011432,0.092072,,192,23
5,3,ind,21,95.825974,109.892204,706.978171,96.519457,0.049210,0.181537,,192,23
5,3,base,21,10.803068,16.797027,121.283001,11.318024,0.009956,0.083705,,104,23
5,3,LOPAMM,22,38.937910,12.699206,433.899419,172.372523,0.014167,0.106158,,212,23
5,3,ind,22,126.710099,111.781430,699.411482,105.205814,0.039366,0.168497,,212,23
5,3,base,22,12.802267,18.958310,113.745305,11.111565,0.006996,0.079085,,111,23
5,3,LOPAMM,23,21.829347,14.101003,341.346174,128.942859,0.011045,0.092245,,204,23
5,3,ind,23,84.366695,98.031790,624.277581,92.903433,0.042475,0.164207,,204,23
5,3,base,23,8.399445,12.137289,109.224542,9.416523,0.006720,0.070354,,109,23
5,3,LOPAMM,24,17.843477,14.760051,305.216468,133.825954,0.011199,0.084169,,222,23
5,3,ind,24,70.267771,90.290470,509.552418,74.342083,0.034645,0.138521,,222,23
5,3,base,24,9.735274,16.519037,87.403316,10.294818,0.005577,0.057413,,114,23
5,3,LOPAMM,25,14.473770,16.893714,291.666412,61.422401,0.010050,0.086926,,208,23
5,3,ind,25,32.581416,56.018766,475.579146,37.302633,0.031406,0.146108,,208,23
5,3,base,25,3.270370,6.469216,78.222687,3.556755,0.005566,0.063173,,109,23
5,3,LOPAMM,26,15.654808,17.788873,298.804846,78.174395,0.012066,0.092536,,220,23
5,3,ind,26,33.430133,75.463197,480.849562,44.211014,0.031783,0.139777,,220,23
5,3,base,26,4.931238,11.749370,78.237552,4.587095,0.004828,0.060286,,114,23
5,3,LOPAMM,27,10.333981,15.693768,274.518549,64.108531,0.009718,0.081531,,210,23
5,3,ind,27,29.172448,82.473943,428.804976,44.561264,0.025107,0.132917,,210,23
5,3,base,27,2.823671,9.700636,78.104912,4.299561,0.005925,0.061983,,110,23
5,3,LOPAMM,28,14.815592,9.379707,304.275872,45.028012,0.014814,0.105626,,190,23
5,3,ind,28,15.661316,58.011760,561.605454,36.940666,0.045946,0.178091,,190,23
5,3,base,28,2.190654,7.578932,99.065838,2.941149,0.010923,0.083126,,105,23
5,3,LOPAMM,29,54.253033,15.602102,492.177406,94.766412,0.031298,0.158964,,186,23
5,3,ind,29,44.644047,92.627536,745.298368,82.622583,0.075748,0.244979,,186,23
5,3,base,29,1.317870,6.459288,154.181378,2.073517,0.019404,0.122395,,105,23
5,3,LOPAMM,30,25.851914,23.603344,324.614554,120.084130,0.014686,0.096802,,204,23
5,3,ind,30,75.504222,90.216372,507.874890,46.783084,0.030686,0.148224,,204,23
5,3,base,30,9.141061,14.379985,81.428673,6.381766,0.006138,0.063487,,108,23
5,3,LOPAMM,31,19.291736,17.320576,357.009120,103.253393,0.015691,0.105215,,194,23
5,3,ind,31,60.379731,59.052020,523.732785,55.815972,0.041355,0.168618,,194,23
5,3,base,31,3.957555,8.218192,101.332239,4.947333,0.008973,0.081269,,106,23
5,3,LOPAMM,32,11.084585,12.130784,281.679532,56.515115,0.010387,0.084135,,210,23
5,3,ind,32,51.885673,99.222298,468.354743,51.935888,0.031188,0.138414,,210,23
5,3,base,32,4.836431,9.996884,65.368177,4.032301,0.003686,0.049052,,112,23
5,3,LOPAMM,33,30.289995,18.885322,293.897664,116.100015,0.016646,0.115899,,162,23
5,3,ind,33,84.812714,125.430385,483.456603,82.273505,0.057797,0.193008,,162,23
5,3,base,33,7.858372,16.139882,106.089147,6.651766,0.010058,0.088323,,96,23
5,3,LOPAMM,34,50.848490,12.540137,511.660078,327.708350,0.016715,0.091084,,176,23
5,3,ind,34,248.818339,141.293087,1001.787384,237.744358,0.085688,0.197863,,176,23
5,3,base,34,28.576560,21.028078,200.565710,29.188979,0.010849,0.075092,,98,23
5,3,LOPAMM,35,14.325757,10.722377,340.890006,55.873918,0.015475,0.112497,,182,23
5,3,ind,35,28.151539,59.697313,536.091613,39.795708,0.041813,0.180582,,182,23
5,3,base,35,4.034606,8.063963,116.425188,4.295328,0.012622,0.095728,,101,23
5,3,LOPAMM,36,31.140579,20.800305,380.019557,135.108737,0.013790,0.094846,,218,23
5,3,ind,36,76.529862,105.249645,573.130163,68.121344,0.038543,0.159096,,218,23
5,3,base,36,8.484214,17.639050,90.835544,8.029999,0.007412,0.064322,,115,23
5,3,LOPAMM,37,15.403431,18.551703,333.133246,78.338067,0.013144,0.106987,,180,23
5,3,ind,37,48.049175,86.719591,549.337732,49.805865,0.034591,0.167719,,180,23
5,3,base,37,4.104683,9.137896,106.598531,4.623015,0.009553,0.090696,,101,23
5,3,LOPAMM,38,10.627699,14.617510,337.720163,53.370069,0.011955,0.095892,,214,23
5,3,ind,38,11.953334,72.875258,586.485475,42.316590,0.037284,0.169367,,214,23
5,3,base,38,0.954834,8.525864,104.438328,3.259908,0.009378,0.081643,,111,23
5,3,LOPAMM,39,22.378535,11.940332,376.906711,58.217694,0.012412,0.090540,,208,23
5,3,ind,39,45.363764,84.651041,612.265469,57.776227,0.037869,0.155394,,208,23
5,3,base,39,3.231518,7.724945,89.149777,2.919495,0.006267,0.064396,,111,23
6,3,LOPAMM,0,36.402705,23.546044,385.082554,158.752523,0.013614,0.109017,,212,28
6,3,ind,0,69.426041,68.675326,620.420353,61.458541,0.035822,0.162173,,212,28
6,3,base,0,3.112841,9.726452,99.208170,2.472300,0.006593,0.074553,,122,28
6,3,LOPAMM,1,11.445341,13.247797,322.692695,64.417625,0.013175,0.105567,,210,28
6,3,ind,1,15.408437,48.700135,465.858725,29.467629,0.025991,0.139856,,210,28
6,3,base,1,1.188223,5.005408,84.748564,1.361814,0.005700,0.065668,,122,28
6,3,LOPAMM,2,26.660816,17.583474,349.875233,167.612940,0.013164,0.096011,,238,28
6,3,ind,2,35.900203,51.848461,580.515491,59.585201,0.028389,0.141403,,238,28
6,3,base,2,6.475265,10.920569,100.353505,7.348721,0.007251,0.065085,,129,28
6,3,LOPAMM,3,43.523134,28.330690,499.460607,161.003022,0.021974,0.116318,,248,28
6,3,ind,3,69.431529,161.380642,737.543079,83.835815,0.047727,0.174288,,248,28
6,3,base,3,6.045732,13.649231,116.182123,4.988417,0.008062,0.075738,,130,28
6,3,LOPAMM,4,26.869838,16.528745,417.856734,163.126491,0.011122,0.079576,,280,28
6,3,ind,4,96.686193,179.128341,764.147092,120.847893,0.039526,0.149580,,280,28
6,3,base,4,7.473740,18.576401,119.901471,7.799686,0.007114,0.062936,,140,28
6,3,LOPAMM,5,22.030315,16.399391,422.339921,157.863033,0.014771,0.109132,,200,28
6,3,ind,5,56.880381,85.948480,763.263395,86.761454,0.058421,0.210244,,200,28
6,3,base,5,6.881123,9.800981,144.733783,7.842803,0.011842,0.096237,,115,28
6,3,LOPAMM,6,15.924865,14.740716,408.520906,80.138508,0.010212,0.083140,,270,28
6,3,ind,6,38.709717,89.339691,674.778888,56.848103,0.030169,0.142793,,270,28
6,3,base,6,2.802060,6.736278,104.203452,2.742987,0.006736,0.064630,,138,28
6,3,LOPAMM,7,16.054729,17.989285,320.881350,93.979714,0.013354,0.099416,,232,28
6,3,ind,7,19.714777,62.396015,494.676643,46.116426,0.030932,0.149321,,232,28
6,3,base,7,4.017806,9.057195,111.631765,4.085556,0.009517,0.080512,,126,28
6,3,LOPAMM,8,26.920402,20.522948,444.913732,66.691898,0.012805,0.096851,,268,28
6,3,ind,8,11.911927,96.477855,804.237003,58.904761,0.050006,0.185196,,268,28
6,3,base,8,2.380857,7.278331,117.322576,2.117492,0.007221,0.074413,,138,28
6,3,LOPAMM,9,22.944428,18.733931,395.160800,122.051385,0.015215,0.103592,,220,28
6,3,ind,9,47.414389,139.363488,667.135706,84.458167,0.046732,0.174506,,220,28
6,3,base,9,4.860251,14.560342,126.704651,6.016007,0.010609,0.082140,,122,28
6,3,LOPAMM,10,29.235999,15.057974,399.571740,306.110356,0.012249,0.093301,,218,28
6,3,ind,10,139.719488,119.574411,811.034201,127.983545,0.050275,0.185454,,218,28
6,3,base,10,16.486377,19.049513,143.491056,16.498040,0.010150,0.080812,,121,28
6,3,LOPAMM,11,37.486241,23.969995,425.429206,190.974431,0.012586,0.103357,,230,28
6,3,ind,11,83.767154,130.719192,651.583804,87.430129,0.030192,0.155318,,230,28
6,3,base,11,5.910792,12.902799,112.594285,6.249027,0.006268,0.072258,,128,28
6,3,LOPAMM,12,28.100805,22.205570,422.270016,209.321948,0.011840,0.091875,,266,28
6,3,ind,12,61.256753,83.362094,659.763746,73.266093,0.031960,0.145469,,266,28
6,3,base,12,8.733863,16.104769,99.710325,9.035630,0.004956,0.058681,,137,28
6,3,LOPAMM,13,37.432315,22.062694,506.141680,236.516727,0.015731,0.105100,,248,28
6,3,ind,13,121.841666,156.111042,842.219144,124.911601,0.049048,0.179374,,248,28
6,3,base,13,9.846166,18.568493,147.457851,9.897267,0.009514,0.082809,,130,28
6,3,LOPAMM,14,33.278406,33.042421,433.655870,177.412007,0.015071,0.110141,,240,28
6,3,ind,14,58.608501,86.631055,718.005611,68.183392,0.041666,0.176669,,240,28
6,3,base,14,5.268407,9.321452,113.636549,5.200492,0.007772,0.077720,,128,28
6,3,LOPAMM,15,20.299917,19.818050,298.555284,82.823456,0.009367,0.076911,,260,28
6,3,ind,15,33.400846,64.399457,422.310639,32.098065,0.017200,0.105749,,260,28
6,3,base,15,2.549476,8.000169,60.596711,1.531443,0.002554,0.041865,,137,28
6,3,LOPAMM,16,21.291174,15.315367,521.657214,210.085940,0.015607,0.107564,,228,28
6,3,ind,16,87.006714,105.246949,864.427161,99.872554,0.053147,0.195750,,228,28
6,3,base,16,10.309401,12.852013,151.642532,11.205205,0.010044,0.087606,,125,28
6,3,LOPAMM,17,41.197944,28.480013,487.828551,270.305485,0.015371,0.102046,,272,28
6,3,ind,17,104.115456,142.914704,791.676933,115.551382,0.043430,0.165865,,272,28
6,3,base,17,7.222321,20.677421,133.301115,8.840141,0.009383,0.078119,,140,28
6,3,LOPAMM,18,43.643406,23.179494,387.544002,275.235083,0.016243,0.100059,,224,28
6,3,ind,18,100.593875,76.771383,694.384630,86.038542,0.041540,0.161534,,224,28
6,3,base,18,11.468644,15.161179,124.560755,11.870487,0.010157,0.074631,,124,28
6,3,LOPAMM,19,28.337141,19.056849,452.632072,203.049774,0.011974,0.084360,,268,28
6,3,ind,19,127.445641,184.372549,776.074131,130.152463,0.046984,0.157619,,268,28
6,3,base,19,10.896310,18.255138,134.830973,10.558504,0.007559,0.070403,,137,28
6,3,LOPAMM,20,44.407716,17.316323,479.095994,252.356758,0.015818,0.114439,,226,28
6,3,ind,20,140.484277,200.950389,909.077952,139.737234,0.063041,0.207340,,226,28
6,3,base,20,10.778576,24.234713,146.225974,12.492266,0.008842,0.088216,,124,28
6,3,LOPAMM,21,33.381358,22.008671,437.095764,362.614523,0.012170,0.095303,,228,28
6,3,ind,21,158.634227,119.290786,826.225179,120.923408,0.047663,0.185142,,228,28
6,3,base,21,20.204814,21.979984,151.590421,19.848359,0.009184,0.077116,,124,28
6,3,LOPAMM,22,30.108997,19.467414,483.143934,126.344270,0.017857,0.114529,,250,28
6,3,ind,22,22.384661,127.739651,733.096663,81.986180,0.053514,0.188359,,250,28
6,3,base,22,3.306308,12.773482,129.871255,3.944795,0.008859,0.081713,,133,28
6,3,LOPAMM,23,22.099375,16.560386,444.265229,152.082571,0.013711,0.101935,,246,28
6,3,ind,23,74.814831,119.102879,759.989751,84.863213,0.042306,0.177497,,246,28
6,3,base,23,7.297308,14.325473,130.910001,6.858275,0.008599,0.082388,,131,28
6,3,LOPAMM,24,35.259309,27.373068,356.569731,152.435942,0.012634,0.089526,,252,28
6,3,ind,24,74.745707,115.181441,566.974555,66.330630,0.027906,0.128884,,252,28
6,3,base,24,5.504115,15.171365,90.409424,4.241011,0.006657,0.060951,,133,28
6,3,LOPAMM,25,20.941974,20.370803,325.886773,172.589996,0.008991,0.079104,,238,28
6,3,ind,25,91.076570,115.783328,578.514101,70.388171,0.026600,0.133085,,238,28
6,3,base,25,7.759576,15.230279,97.823433,7.238767,0.005788,0.062342,,128,28
6,3,LOPAMM,26,10.283725,13.242266,282.639342,63.668315,0.008912,0.078063,,250,28
6,3,ind,26,22.817822,59.861771,462.201248,28.120592,0.021036,0.119227,,250,28
6,3,base,26,3.114939,8.449310,73.365590,2.429445,0.003989,0.051376,,132,28
6,3,LOPAMM,27,14.508051,11.868112,347.824243,62.321402,0.011868,0.088117,,242,28
6,3,ind,27,16.958060,54.752524,566.327115,39.103162,0.032169,0.143496,,242,28
6,3,base,27,2.982810,7.100201,97.971146,2.704816,0.007317,0.067316,,129,28
6,3,LOPAMM,28,15.892239,10.989197,401.858992,55.438277,0.013319,0.108169,,234,28
6,3,ind,28,22.528713,41.518266,680.899661,33.602248,0.036541,0.171114,,234,28
6,3,base,28,1.445015,4.044563,119.335541,1.884060,0.009543,0.087593,,127,28
6,3,LOPAMM,29,22.659593,15.093242,427.903408,95.728130,0.016609,0.117108,,232,28
6,3,ind,29,32.015946,79.665103,699.954901,50.826697,0.039478,0.176413,,232,28
6,3,base,29,2.396010,8.870070,122.754848,3.182379,0.009978,0.085769,,127,28
6,3,LOPAMM,30,17.409881,13.156722,374.193848,107.906657,0.012218,0.092248,,242,28
6,3,ind,30,60.080764,88.400538,660.857090,60.648386,0.033278,0.151317,,242,28
6,3,base,30,4.796009,9.322583,103.209549,4.502124,0.007278,0.069601,,128,28
6,3,LOPAMM,31,23.895622,19.050376,469.662707,108.652380,0.016378,0.106589,,236,28
6,3,ind,31,28.601422,91.919079,711.264007,70.803066,0.048334,0.175235,,236,28
6,3,base,31,2.386385,8.548912,128.409440,2.627702,0.010073,0.084159,,128,28
6,3,LOPAMM,32,14.577292,12.054365,339.661292,87.942634,0.012010,0.094202,,252,28
6,3,ind,32,26.217085,80.867304,553.649468,37.096712,0.029784,0.140217,,252,28
6,3,base,32,3.237791,11.776314,82.430805,4.333838,0.004342,0.054889,,134,28
6,3,LOPAMM,33,17.108616,11.564144,295.415627,77.264826,0.012736,0.098799,,202,28
6,3,ind,33,21.011414,59.868866,557.310818,49.516542,0.038415,0.167175,,202,28
6,3,base,33,2.490272,7.651294,93.157762,2.407731,0.007467,0.071644,,117,28
6,3,LOPAMM,34,18.197022,12.039973,408.027457,109.337417,0.016251,0.117960,,206,28
6,3,ind,34,44.056160,64.454190,730.836345,52.021511,0.047492,0.195713,,206,28
6,3,base,34,4.834652,10.043459,128.750826,5.237219,0.012537,0.096934,,116,28
6,3,LOPAMM,35,18.050631,15.784828,401.815366,60.912096,0.014347,0.103765,,240,28
6,3,ind,35,13.655646,84.139863,665.963610,45.470575,0.035923,0.160278,,240,28
6,3,base,35,0.923419,5.808643,115.618765,1.551891,0.009491,0.078824,,128,28
6,3,LOPAMM,36,29.977119,14.927840,479.617246,154.971171,0.012774,0.095578,,268,28
6,3,ind,36,26.256988,139.399361,795.110998,102.829872,0.041704,0.156466,,268,28
6,3,base,36,1.246526,15.798480,110.722457,7.019105,0.005949,0.062609,,140,28
6,3,LOPAMM,37,26.818592,24.772180,486.634255,120.771186,0.013237,0.103785,,242,28
6,3,ind,37,50.280322,80.112759,739.675416,62.088556,0.035083,0.164383,,242,28
6,3,base,37,1.738532,6.824095,115.260858,2.850822,0.007749,0.080749,,129,28
6,3,LOPAMM,38,46.402483,25.242922,463.081705,326.523692,0.015563,0.108448,,250,28
6,3,ind,38,94.074291,64.490563,690.987053,71.325039,0.037614,0.167043,,250,28
6,3,base,38,19.928446,19.840213,153.115224,15.319527,0.012353,0.090084,,131,28
6,3,LOPAMM,39,9.596779,12.884722,307.019698,58.303721,0.007197,0.070145,,258,28
6,3,ind,39,32.687714,64.597638,527.251948,32.871053,0.022380,0.118973,,258,28
6,3,base,39,2.447312,6.798571,68.047094,2.281157,0.002859,0.044667,,135,28
7,3,LOPAMM,0,64.491477,31.192432,607.470491,311.787923,0.023294,0.130408,,254,32
7,3,ind,0,99.620396,110.434224,992.201960,101.938002,0.051958,0.191694,,254,32
7,3,base,0,4.200907,14.112441,149.058667,3.371293,0.012850,0.091763,,144,32
7,3,LOPAMM,1,13.789926,15.177196,369.369225,87.659311,0.013127,0.099719,,242,32
7,3,ind,1,14.478534,82.532359,532.393478,40.452395,0.025618,0.136017,,242,32
7,3,base,1,1.007207,7.900095,87.361124,1.984676,0.004764,0.057310,,141,32
7,3,LOPAMM,2,33.054266,26.730408,449.717787,322.289374,0.014223,0.098785,,276,32
7,3,ind,2,81.715329,91.423475,824.636483,121.332023,0.044422,0.162443,,276,32
7,3,base,2,8.664116,13.622725,145.188368,12.588125,0.008914,0.075863,,149,32
7,3,LOPAMM,3,39.514930,25.057390,642.697844,301.878605,0.017388,0.109384,,280,32
7,3,ind,3,99.252148,162.118443,1035.140031,131.829540,0.049961,0.184424,,280,32
7,3,base,3,8.190069,17.290434,159.791672,9.319398,0.009615,0.083318,,151,32
7,3,LOPAMM,4,25.681096,23.582163,422.593105,159.234619,0.010874,0.087635,,310,32
7,3,ind,4,31.890791,80.522138,697.585202,59.794662,0.031029,0.144936,,310,32
7,3,base,4,2.834472,8.390896,109.138213,3.049446,0.005212,0.061888,,159,32
7,3,LOPAMM,5,26.632762,24.958436,443.130266,480.791447,0.012982,0.099326,,242,32
7,3,ind,5,143.873860,136.062915,825.459748,127.642645,0.047587,0.185591,,242,32
7,3,base,5,17.042250,22.247251,166.219216,18.714482,0.010441,0.086231,,138,32
7,3,LOPAMM,6,20.707314,24.562140,451.178018,173.868515,0.012080,0.087842,,306,32
7,3,ind,6,34.029275,117.267984,711.774831,77.925387,0.029882,0.145920,,306,32
7,3,base,6,2.303742,11.777465,111.600608,3.681902,0.005570,0.059450,,159,32
7,3,LOPAMM,7,20.008732,15.150057,379.199272,124.647628,0.011518,0.090136,,276,32
7,3,ind,7,37.618669,59.426968,570.007187,40.526418,0.024898,0.129217,,276,32
7,3,base,7,4.291389,8.168476,107.418263,4.036227,0.005863,0.060248,,149,32
7,3,LOPAMM,8,28.341924,21.183547,512.783475,229.604640,0.011703,0.092679,,304,32
7,3,ind,8,109.332300,198.882754,918.176611,115.520907,0.044676,0.174243,,304,32
7,3,base,8,8.830825,16.487819,143.201980,7.856321,0.006850,0.071558,,159,32
7,3,LOPAMM,9,27.691266,18.235348,467.067048,178.470164,0.014275,0.098942,,260,32
7,3,ind,9,3.259966,118.725451,851.164295,88.791764,0.049635,0.183287,,260,32
7,3,base,9,4.456678,9.859058,160.248656,4.191930,0.011304,0.085069,,144,32
7,3,LOPAMM,10,26.896917,24.998356,484.949485,200.527190,0.012972,0.098997,,252,32
7,3,ind,10,54.627913,91.302959,921.256070,94.020818,0.051462,0.188320,,252,32
7,3,base,10,4.398951,8.904071,136.969096,5.503936,0.008797,0.080188,,140,32
7,3,LOPAMM,11,26.305657,20.920478,365.297596,131.531966,0.011737,0.091474,,268,32
7,3,ind,11,35.090113,52.458379,549.774952,42.072975,0.023797,0.129689,,268,32
7,3,base,11,2.412901,7.759038,88.046730,2.327170,0.004703,0.055035,,150,32
7,3,LOPAMM,12,23.498464,23.341786,429.148817,135.693141,0.012887,0.094584,,294,32
7,3,ind,12,42.122537,71.230912,637.136342,44.938258,0.026312,0.133574,,294,32
7,3,base,12,3.843965,8.804624,96.833100,3.288138,0.004787,0.057241,,156,32
7,3,LOPAMM,13,36.003890,20.566064,565.124919,285.219978,0.013242,0.092675,,288,32
7,3,ind,13,77.290247,142.955445,1013.582277,139.038229,0.048426,0.176610,,288,32
7,3,base,13,5.384151,13.209905,166.443907,9.259680,0.009820,0.077620,,152,32
7,3,LOPAMM,14,35.301533,26.031645,501.523824,272.016371,0.013019,0.099093,,286,32
7,3,ind,14,108.521061,149.733325,907.149818,114.039439,0.040436,0.170812,,286,32
7,3,base,14,8.353889,16.602235,130.917555,8.480378,0.006379,0.072230,,151,32
7,3,LOPAMM,15,67.593756,44.349149,541.974294,341.396365,0.016356,0.099372,,294,32
7,3,ind,15,85.270561,111.988289,761.330489,91.535184,0.030659,0.143431,,294,32
7,3,base,15,1.950168,7.420283,105.843425,2.463595,0.005678,0.063499,,157,32
7,3,LOPAMM,16,26.805743,18.976500,517.914969,253.863400,0.014653,0.107787,,258,32
7,3,ind,16,53.727035,74.146877,863.986373,83.240376,0.046448,0.195110,,258,32
7,3,base,16,8.633776,15.150679,174.199052,7.846518,0.013491,0.101752,,143,32
7,3,LOPAMM,17,32.450370,24.014935,542.096516,293.958610,0.014392,0.100027,,300,32
7,3,ind,17,82.030325,198.269448,936.564965,114.912830,0.056931,0.187158,,300,32
7,3,base,17,6.520876,23.028164,140.613584,10.667673,0.006661,0.068492,,158,32
7,3,LOPAMM,18,44.493624,28.463988,431.630829,259.802411,0.014900,0.095002,,260,32
7,3,ind,18,77.447251,81.385543,637.529709,70.709708,0.028828,0.134187,,260,32
7,3,base,18,4.480732,11.866299,101.747730,4.372880,0.007128,0.062907,,145,32
7,3,LOPAMM,19,21.964163,15.683890,397.624412,197.616520,0.010953,0.090239,,302,32
7,3,ind,19,81.002837,87.829361,691.031716,65.999363,0.030324,0.146011,,302,32
7,3,base,19,6.922396,10.820883,126.934642,7.193106,0.007481,0.070617,,156,32
7,3,LOPAMM,20,35.667898,21.777646,479.585808,312.202158,0.011921,0.089593,,264,32
7,3,ind,20,118.016618,204.496954,968.611139,144.691404,0.052940,0.179664,,264,32
7,3,base,20,8.012884,21.355126,143.937023,10.366500,0.008339,0.073452,,145,32
7,3,LOPAMM,21,23.943751,22.033685,423.687179,196.610830,0.012729,0.103678,,254,32
7,3,ind,21,53.939737,58.007873,710.353385,51.368562,0.033366,0.166400,,254,32
7,3,base,21,6.091620,10.042916,135.014078,6.139502,0.008839,0.085015,,141,32
7,3,LOPAMM,22,31.681479,22.106022,432.957214,217.540254,0.012901,0.098848,,284,32
7,3,ind,22,66.339810,119.989996,689.400393,74.293635,0.030093,0.142730,,284,32
7,3,base,22,3.598922,14.130066,116.575198,5.663576,0.005634,0.067033,,152,32
7,3,LOPAMM,23,44.990420,27.207118,657.800861,240.712045,0.022511,0.114744,,280,32
7,3,ind,23,72.094526,167.469719,1073.033744,129.448978,0.072236,0.216386,,280,32
7,3,base,23,6.366778,12.420322,188.417600,7.160361,0.019354,0.099675,,150,32
7,3,LOPAMM,24,21.597219,19.813007,469.223579,166.252578,0.013888,0.101422,,286,32
7,3,ind,24,25.344772,61.471643,746.012669,55.040508,0.032285,0.149829,,286,32
7,3,base,24,1.905099,8.437394,126.710114,4.283401,0.008053,0.075584,,151,32
7,3,LOPAMM,25,27.138118,21.607161,437.045374,228.312257,0.011235,0.090165,,270,32
7,3,ind,25,73.700031,119.636110,741.612397,86.032599,0.036615,0.151957,,270,32
7,3,base,25,6.026006,9.871879,120.601065,5.770078,0.006586,0.067529,,147,32
7,3,LOPAMM,26,20.009990,17.232980,386.108904,260.219082,0.009413,0.077650,,298,32
7,3,ind,26,107.136922,126.537750,711.796147,93.073822,0.029844,0.129495,,298,32
7,3,base,26,10.753144,15.658304,104.026214,10.740523,0.004285,0.051371,,155,32
7,3,LOPAMM,27,25.852691,23.265422,444.496025,298.691438,0.011468,0.085016,,272,32
7,3,ind,27,90.925496,144.048420,770.524149,113.234373,0.040402,0.159928,,272,32
7,3,base,27,10.243186,18.471846,141.950303,10.696130,0.009125,0.069647,,148,32
7,3,LOPAMM,28,29.586404,15.741778,458.902280,442.246682,0.011263,0.088167,,264,32
7,3,ind,28,163.259904,127.134652,993.065109,146.021540,0.044033,0.176052,,264,32
7,3,base,28,18.813687,19.048190,167.011776,19.024176,0.008313,0.071925,,145,32
7,3,LOPAMM,29,43.970409,20.009624,538.316257,393.042753,0.015698,0.107970,,270,32
7,3,ind,29,164.179806,165.520374,1029.021152,151.687501,0.057439,0.206932,,270,32
7,3,base,29,16.561280,18.812930,173.271830,15.053465,0.010604,0.086216,,148,32
7,3,LOPAMM,30,27.579736,22.324966,457.104885,301.978890,0.014095,0.104374,,270,32
7,3,ind,30,51.016044,80.288085,762.312358,61.730428,0.041593,0.171805,,270,32
7,3,base,30,12.583008,16.636360,146.344978,11.436910,0.009586,0.080060,,146,32
7,3,LOPAMM,31,34.745987,21.799725,465.928424,366.818515,0.015339,0.102559,,278,32
7,3,ind,31,125.006989,124.962325,815.005956,104.727810,0.040892,0.164668,,278,32
7,3,base,31,13.220499,17.221274,148.451565,12.826660,0.009352,0.077096,,150,32
7,3,LOPAMM,32,20.638776,16.922600,462.355576,151.325202,0.011425,0.093686,,282,32
7,3,ind,32,70.531468,134.569557,734.652798,80.701058,0.030698,0.149444,,282,32
7,3,base,32,5.255467,11.485122,120.303156,4.722041,0.006029,0.066910,,153,32
7,3,LOPAMM,33,25.548941,24.424983,399.044435,137.563310,0.015348,0.112253,,250,32
7,3,ind,33,28.166454,74.539044,630.594405,49.375381,0.034993,0.163159,,250,32
7,3,base,33,0.211892,3.457000,122.220694,0.956863,0.009715,0.083883,,140,32
7,3,LOPAMM,34,29.449375,18.851811,532.244436,301.052110,0.013298,0.099485,,260,32
7,3,ind,34,110.511628,159.356987,1004.391180,124.624302,0.057890,0.205433,,260,32
7,3,base,34,10.466188,18.097963,162.260983,11.090468,0.010366,0.088231,,142,32
7,3,LOPAMM,35,25.150203,15.783965,532.473500,305.503556,0.013528,0.101904,,278,32
7,3,ind,35,91.981949,110.081155,868.448418,102.962295,0.040769,0.175364,,278,32
7,3,base,35,11.072793,15.978951,153.658790,11.559928,0.009837,0.083327,,149,32
7,3,LOPAMM,36,35.358883,22.264975,559.937734,335.508302,0.012822,0.096894,,304,32
7,3,ind,36,121.964442,151.277449,882.888901,114.826904,0.035890,0.160265,,304,32
7,3,base,36,13.009045,17.866305,141.814025,10.462216,0.007072,0.068912,,160,32
7,3,LOPAMM,37,50.669972,32.844567,532.055752,305.076995,0.016188,0.107795,,272,32
7,3,ind,37,88.918846,89.221970,811.468956,87.734891,0.038505,0.171030,,272,32
7,3,base,37,7.623215,13.831232,138.373921,6.795424,0.009631,0.079794,,148,32
7,3,LOPAMM,38,10.851997,12.365380,427.936989,72.995791,0.011962,0.095467,,296,32
7,3,ind,38,17.423180,56.378434,704.765872,35.340042,0.031656,0.150877,,296,32
7,3,base,38,1.548808,5.152776,106.247536,1.486517,0.006409,0.065388,,154,32
7,3,LOPAMM,39,33.343439,21.987717,415.334822,308.048447,0.011345,0.086063,,292,32
7,3,ind,39,83.174747,100.542234,722.348542,83.466271,0.031978,0.139208,,292,32
7,3,base,39,10.289055,16.032804,112.840945,9.690121,0.006034,0.056495,,155,32
8,3,LOPAMM,0,54.734700,31.683182,619.447962,616.029851,0.012644,0.093356,,328,37
8,3,ind,0,229.246565,188.383538,1106.879190,170.970239,0.043868,0.171843,,328,37
8,3,base,0,18.059628,20.890600,181.092428,15.821614,0.008529,0.075085,,174,37
8,3,LOPAMM,1,33.695688,20.240066,580.935484,311.152852,0.012893,0.090602,,322,37
8,3,ind,1,62.961681,203.631799,944.309011,138.416562,0.040715,0.166283,,322,37
8,3,base,1,5.515820,18.243201,177.369587,8.914311,0.008610,0.072438,,171,37
8,3,LOPAMM,2,32.114547,21.943327,545.840547,343.508467,0.012521,0.093871,,304,37
8,3,ind,2,41.954612,186.597178,963.765526,144.892182,0.042690,0.176292,,304,37
8,3,base,2,6.195467,11.292264,171.363867,9.372366,0.008583,0.076838,,167,37
8,3,LOPAMM,3,33.235301,22.035818,538.197904,339.612090,0.013340,0.101543,,328,37
8,3,ind,3,78.113444,117.575383,944.113177,75.341881,0.038189,0.172067,,328,37
8,3,base,3,9.004050,15.134527,162.702494,8.303226,0.009570,0.082122,,172,37
8,3,LOPAMM,4,45.761860,26.604049,623.611767,289.509380,0.013535,0.098825,,344,37
8,3,ind,4,81.327962,138.586310,1106.594741,128.639753,0.046846,0.181730,,344,37
8,3,base,4,7.257598,7.430004,165.219189,5.056341,0.007743,0.074981,,179,37
8,3,LOPAMM,5,52.089988,16.847449,744.060957,426.725022,0.013419,0.088721,,348,37
8,3,ind,5,157.786969,197.291951,1550.280231,212.305254,0.073975,0.218612,,348,37
8,3,base,5,11.449821,14.118284,213.630335,11.447330,0.010571,0.079275,,180,37
8,3,LOPAMM,6,52.767944,28.174846,636.266057,688.267773,0.013487,0.097127,,328,37
8,3,ind,6,200.198851,164.361085,1141.646597,174.848953,0.043356,0.167041,,328,37
8,3,base,6,18.175006,23.327574,180.753965,18.348302,0.006982,0.069266,,175,37
8,3,LOPAMM,7,40.652678,21.763692,566.572345,627.098561,0.012334,0.089270,,328,37
8,3,ind,7,199.877917,191.291726,1030.423109,165.966572,0.046032,0.172556,,328,37
8,3,base,7,20.910763,23.852572,175.213333,18.590119,0.007156,0.065802,,174,37
8,3,LOPAMM,8,57.390731,32.707615,593.970272,706.207352,0.012663,0.089570,,338,37
8,3,ind,8,236.654689,293.468163,1086.693289,231.304185,0.041221,0.168333,,338,37
8,3,base,8,19.503448,29.589951,205.548028,19.743227,0.007740,0.073575,,176,37
8,3,LOPAMM,9,24.926123,13.983327,556.514064,541.460137,0.011638,0.086187,,314,37
8,3,ind,9,157.293244,182.791685,1051.678114,165.356199,0.049156,0.175001,,314,37
8,3,base,9,17.577688,22.952945,173.797947,17.390950,0.008091,0.070065,,169,37
8,3,LOPAMM,10,35.981958,20.747869,549.153164,607.866492,0.012678,0.094132,,320,37
8,3,ind,10,161.552359,124.412695,1004.989723,143.510289,0.037083,0.161226,,320,37
8,3,base,10,17.693990,18.813567,169.691450,17.947219,0.007986,0.068571,,172,37
8,3,LOPAMM,11,30.703735,21.106161,528.413076,254.346970,0.010943,0.088478,,332,37
8,3,ind,11,50.879171,101.033594,870.205590,87.229941,0.029801,0.137857,,332,37
8,3,base,11,4.273585,12.423093,118.516445,4.831131,0.005498,0.060164,,175,37
8,3,LOPAMM,12,27.554354,19.417235,461.027946,324.951696,0.010466,0.085355,,324,37
8,3,ind,12,101.218265,141.214791,883.898680,106.639257,0.035207,0.153032,,324,37
8,3,base,12,8.958834,16.195922,132.189279,9.108325,0.005078,0.060844,,173,37
8,3,LOPAMM,13,42.745623,22.635192,569.904776,741.205041,0.016448,0.107564,,280,37
8,3,ind,13,197.758442,163.101844,1030.531684,165.841807,0.053477,0.196693,,280,37
8,3,base,13,24.408252,26.022861,200.991831,23.770553,0.010719,0.086270,,159,37
8,3,LOPAMM,14,31.316853,24.642982,542.199524,377.302552,0.013593,0.103296,,308,37
8,3,ind,14,88.277889,183.227386,966.099701,140.483045,0.044079,0.181250,,308,37
8,3,base,14,8.016697,19.533186,174.135508,10.413202,0.008372,0.081557,,168,37
8,3,LOPAMM,15,22.542946,20.898215,418.119148,422.882349,0.008863,0.079311,,298,37
8,3,ind,15,117.986337,160.787148,770.199920,111.355542,0.034264,0.153396,,298,37
8,3,base,15,11.002375,21.105630,131.966499,11.829134,0.005415,0.059536,,168,37
8,3,LOPAMM,16,30.157986,18.560070,651.084396,217.872101,0.015386,0.115265,,312,37
8,3,ind,16,47.479282,85.148974,1148.861482,74.042809,0.064707,0.226609,,312,37
8,3,base,16,4.693683,9.312231,204.667457,4.878520,0.012335,0.103304,,168,37
8,3,LOPAMM,17,29.884425,24.376392,471.435859,276.712132,0.013788,0.102152,,306,37
8,3,ind,17,49.557377,96.679616,795.396983,72.529206,0.039363,0.169220,,306,37
8,3,base,17,7.462336,14.163847,155.043188,6.256637,0.008752,0.081808,,167,37
8,3,LOPAMM,18,20.574058,19.356901,409.502576,160.248192,0.011059,0.087393,,316,37
8,3,ind,18,30.593979,91.583618,742.817244,62.842376,0.029967,0.142031,,316,37
8,3,base,18,2.368935,9.226320,120.342039,3.934038,0.006245,0.062499,,171,37
8,3,LOPAMM,19,25.978156,20.320264,418.323564,339.473868,0.011369,0.087362,,302,37
8,3,ind,19,91.272378,124.889516,684.006540,84.837398,0.029088,0.138646,,302,37
8,3,base,19,8.776385,18.044546,114.708171,8.596973,0.005546,0.057669,,166,37
8,3,LOPAMM,20,35.049758,23.991974,533.488282,416.466288,0.010056,0.083805,,348,37
8,3,ind,20,127.063572,148.776549,975.900052,113.492124,0.034296,0.148069,,348,37
8,3,base,20,9.612757,16.293232,130.560155,9.688442,0.005582,0.060622,,179,37
8,3,LOPAMM,21,28.779210,19.936952,616.852154,133.125912,0.011698,0.091104,,372,37
8,3,ind,21,10.579154,126.139193,1045.842836,87.568807,0.043152,0.174134,,372,37
8,3,base,21,1.627282,8.181936,156.034297,2.229073,0.007567,0.070846,,186,37
8,3,LOPAMM,22,20.345797,20.845953,453.978872,196.937633,0.012341,0.101820,,310,37
8,3,ind,22,41.618004,103.237336,773.113082,58.908061,0.032356,0.160223,,310,37
8,3,base,22,3.455789,11.040058,137.526562,3.784205,0.007420,0.075775,,167,37
8,3,LOPAMM,23,34.213063,23.763524,640.534665,373.789438,0.012868,0.099135,,334,37
8,3,ind,23,102.112778,192.977227,1132.738358,144.873600,0.045245,0.185332,,334,37
8,3,base,23,7.928414,17.509144,176.950100,10.437107,0.008368,0.079296,,175,37
8,3,LOPAMM,24,22.687227,15.738629,505.648182,395.540998,0.012196,0.096512,,318,37
8,3,ind,24,98.776286,80.948860,873.342713,82.585960,0.033780,0.151668,,318,37
8,3,base,24,10.142546,12.772025,151.433118,12.005627,0.007751,0.071680,,171,37
8,3,LOPAMM,25,26.944072,13.872431,542.387984,390.820554,0.010081,0.083280,,328,37
8,3,ind,25,126.963653,179.892970,1111.025442,161.223932,0.048454,0.180032,,328,37
8,3,base,25,11.715732,16.337528,156.187007,12.288748,0.006517,0.065660,,175,37
8,3,LOPAMM,26,30.020026,23.194335,526.689780,206.137551,0.012034,0.092821,,310,37
8,3,ind,26,22.397637,106.280112,831.955498,86.472361,0.036955,0.158355,,310,37
8,3,base,26,2.792121,8.644422,143.004939,3.369135,0.006921,0.069491,,173,37
8,3,LOPAMM,27,26.312357,20.520242,503.723077,200.155980,0.012402,0.095871,,320,37
8,3,ind,27,5.711390,122.524558,872.065972,76.634677,0.038463,0.159388,,320,37
8,3,base,27,1.596274,10.984262,141.005908,4.952602,0.007930,0.069670,,171,37
8,3,LOPAMM,28,23.128664,17.003855,521.612035,385.732497,0.014122,0.106477,,288,37
8,3,ind,28,92.229277,133.189835,963.077373,101.034980,0.049681,0.188423,,288,37
8,3,base,28,9.778749,18.035833,172.415793,11.382896,0.009662,0.085928,,161,37
8,3,LOPAMM,29,20.395042,18.514872,395.616993,220.499631,0.010587,0.086451,,292,37
8,3,ind,29,67.699638,97.052064,708.366020,63.394091,0.026991,0.136776,,292,37
8,3,base,29,6.273651,11.500161,120.685860,5.546994,0.006405,0.065728,,161,37
8,3,LOPAMM,30,42.024678,30.080808,630.532333,241.430972,0.016230,0.109205,,322,37
8,3,ind,30,36.935172,139.584482,1014.027118,99.292119,0.046255,0.187736,,322,37
8,3,base,30,1.985468,5.587740,173.527487,1.862176,0.011062,0.087261,,172,37
8,3,LOPAMM,31,26.268429,18.727563,471.793659,191.678226,0.010986,0.087655,,340,37
8,3,ind,31,0.799899,101.864350,743.216200,73.136604,0.027941,0.142944,,340,37
8,3,base,31,1.679332,9.834724,122.165137,4.533643,0.005134,0.061256,,177,37
8,3,LOPAMM,32,12.961825,15.314936,411.285151,119.713601,0.009849,0.087004,,312,37
8,3,ind,32,13.996725,85.829793,684.442105,51.946747,0.028359,0.143241,,312,37
8,3,base,32,1.322374,5.950168,111.803862,2.044870,0.005438,0.060574,,170,37
8,3,LOPAMM,33,51.390333,30.081343,621.703870,473.337729,0.013129,0.095891,,352,37
8,3,ind,33,145.800910,167.100174,976.900090,130.849269,0.031889,0.153518,,352,37
8,3,base,33,11.939384,19.361346,155.166278,11.414742,0.006305,0.068056,,183,37
8,3,LOPAMM,34,30.081198,22.542898,517.417027,242.192223,0.013900,0.098852,,334,37
8,3,ind,34,52.378602,83.870968,860.360422,73.564536,0.037523,0.161822,,334,37
8,3,base,34,6.600694,11.276869,145.907632,5.427032,0.008002,0.071714,,175,37
8,3,LOPAMM,35,30.008664,20.615933,557.400689,254.218849,0.012401,0.097686,,338,37
8,3,ind,35,72.698621,98.862747,984.488012,79.285006,0.039898,0.175105,,338,37
8,3,base,35,5.749939,10.036449,149.934489,4.556174,0.007025,0.076943,,176,37
8,3,LOPAMM,36,33.030164,17.093611,551.466104,672.367136,0.011872,0.090444,,334,37
8,3,ind,36,205.531881,155.442157,1124.421881,176.679029,0.041396,0.162381,,334,37
8,3,base,36,22.123083,19.926533,188.313297,21.683726,0.006844,0.067276,,176,37
8,3,LOPAMM,37,21.823342,16.826384,499.580734,241.531610,0.012569,0.092258,,338,37
8,3,ind,37,48.765823,133.733717,788.526957,75.715640,0.029291,0.139630,,338,37
8,3,base,37,5.627938,15.158794,130.886494,6.269880,0.006025,0.065103,,174,37
8,3,LOPAMM,38,35.071335,23.912197,729.561115,323.273456,0.013555,0.100288,,340,37
8,3,ind,38,43.983904,186.038117,1280.359225,130.174906,0.048996,0.193237,,340,37
8,3,base,38,7.602931,12.334389,202.999684,7.211275,0.011363,0.092315,,176,37
8,3,LOPAMM,39,23.915628,21.041953,410.749219,181.954950,0.008766,0.076300,,368,37
8,3,ind,39,57.451156,114.068353,669.836508,62.174398,0.019420,0.116338,,368,37
8,3,base,39,3.219268,9.785401,91.220949,3.328834,0.002871,0.045351,,187,37
9,3,LOPAMM,0,31.947921,25.111706,610.499304,497.744311,0.013067,0.098927,,372,41
9,3,ind,0,98.419515,123.023398,1033.883426,99.461898,0.038037,0.159045,,372,41
9,3,base,0,9.311337,16.891455,162.435627,9.005647,0.007645,0.071233,,197,41
9,3,LOPAMM,1,22.997020,23.422385,443.866019,286.945700,0.010132,0.084325,,352,41
9,3,ind,1,48.136008,99.607153,699.493447,58.913400,0.020040,0.119596,,352,41
9,3,base,1,4.024872,12.788706,111.304372,4.457375,0.004733,0.053146,,190,41
9,3,LOPAMM,2,19.932345,22.704023,513.950375,228.205666,0.011581,0.090443,,350,41
9,3,ind,2,39.162988,110.810316,942.093361,79.602346,0.035088,0.159117,,350,41
9,3,base,2,3.974402,8.210973,144.067103,3.617102,0.006311,0.065619,,190,41
9,3,LOPAMM,3,46.790421,28.182810,722.876290,564.397387,0.014465,0.100623,,370,41
9,3,ind,3,154.252795,262.299934,1419.429996,169.756254,0.062181,0.211562,,370,41
9,3,base,3,11.876259,23.444554,208.814010,11.456841,0.009988,0.081879,,195,41
9,3,LOPAMM,4,60.380633,19.171596,748.166574,1093.501775,0.015004,0.097271,,374,41
9,3,ind,4,267.283359,188.566400,1594.084515,263.810388,0.069111,0.203723,,374,41
9,3,base,4,31.819623,25.138890,264.454565,28.675832,0.010682,0.078015,,197,41
9,3,LOPAMM,5,34.398813,16.140041,740.309233,636.755534,0.010723,0.085603,,394,41
9,3,ind,5,149.257417,208.836229,1484.616760,196.008121,0.046446,0.179000,,394,41
9,3,base,5,13.832367,17.011207,237.173227,16.047109,0.008605,0.076521,,203,41
9,3,LOPAMM,6,39.128761,27.667272,609.270657,335.502296,0.014088,0.101078,,348,41
9,3,ind,6,90.244915,197.563472,1003.275421,120.571176,0.039851,0.165558,,348,41
9,3,base,6,5.014245,13.842609,178.817804,4.979110,0.009089,0.078069,,190,41
9,3,LOPAMM,7,33.013350,24.631278,676.626196,513.774856,0.011444,0.087290,,368,41
9,3,ind,7,108.932617,130.239623,1311.180068,164.636124,0.051025,0.181567,,368,41
9,3,base,7,11.173482,12.304887,194.045842,11.698590,0.007620,0.069757,,195,41
9,3,LOPAMM,8,30.173208,18.938587,543.954066,291.708864,0.013340,0.097271,,354,41
9,3,ind,8,3.424040,108.940219,916.597177,91.251791,0.033272,0.155068,,354,41
9,3,base,8,3.898669,7.867824,157.415916,3.572448,0.008318,0.073549,,191,41
9,3,LOPAMM,9,61.768097,25.562087,750.690254,998.014894,0.015017,0.098384,,354,41
9,3,ind,9,274.713613,201.411813,1452.083071,232.432247,0.057759,0.197973,,354,41
9,3,base,9,23.153668,21.735383,245.146349,22.659492,0.011103,0.084590,,190,41
9,3,LOPAMM,10,24.405575,23.650861,560.570208,344.920172,0.013545,0.101434,,338,41
9,3,ind,10,54.458713,90.318759,876.681695,83.111696,0.034653,0.161261,,338,41
9,3,base,10,5.621039,9.512457,162.355732,5.929913,0.008116,0.074897,,188,41
9,3,LOPAMM,11,25.705564,16.841461,495.648308,183.331760,0.010302,0.084988,,368,41
9,3,ind,11,29.786420,79.622455,803.870535,58.600045,0.024480,0.129126,,368,41
9,3,base,11,1.879040,6.194343,122.029112,2.571815,0.005127,0.057729,,196,41
9,3,LOPAMM,12,18.325057,27.280957,523.488719,338.367574,0.011850,0.092653,,356,41
9,3,ind,12,31.119420,128.134663,893.412719,84.767445,0.028079,0.140516,,356,41
9,3,base,12,2.273472,13.299954,138.443957,4.558989,0.005994,0.064042,,193,41
9,3,LOPAMM,13,23.942883,15.499398,577.659797,190.237454,0.016057,0.108437,,312,41
9,3,ind,13,19.683773,114.012581,1031.988863,79.100066,0.049117,0.187960,,312,41
9,3,base,13,3.741623,8.992171,199.763256,3.259015,0.011171,0.090309,,178,41
9,3,LOPAMM,14,40.308199,30.599566,580.416454,263.296505,0.014048,0.104095,,336,41
9,3,ind,14,41.336022,117.807071,950.912451,99.727461,0.038670,0.168371,,336,41
9,3,base,14,3.521556,9.198970,166.376571,3.423887,0.008346,0.079512,,187,41
9,3,LOPAMM,15,34.242605,30.808127,531.765399,239.603771,0.012863,0.096133,,340,41
9,3,ind,15,11.707079,100.826914,878.777482,81.898123,0.035516,0.158104,,340,41
9,3,base,15,0.808420,7.544198,154.060131,2.875161,0.007189,0.070512,,191,41
9,3,LOPAMM,16,22.480855,20.366031,555.384688,229.060358,0.012607,0.098009,,362,41
9,3,ind,16,16.217834,97.705881,1018.204474,84.713699,0.040484,0.172009,,362,41
9,3,base,16,1.982622,7.248621,159.515552,3.176231,0.007906,0.074431,,193,41
9,3,LOPAMM,17,79.373389,44.327891,720.444573,527.370901,0.020143,0.116936,,348,41
9,3,ind,17,101.427334,81.294207,1153.248893,102.456265,0.054488,0.189718,,348,41
9,3,base,17,0.991416,4.041517,150.806135,1.314925,0.007374,0.074039,,190,41
9,3,LOPAMM,18,22.062922,20.029403,495.268347,281.339098,0.011255,0.090767,,346,41
9,3,ind,18,41.094366,71.242585,856.148831,60.773947,0.031281,0.149432,,346,41
9,3,base,18,4.544810,11.062184,142.615789,4.654771,0.006658,0.068853,,189,41
9,3,LOPAMM,19,49.706983,33.670362,518.335673,323.673373,0.012918,0.096657,,334,41
9,3,ind,19,64.290531,74.069872,830.520561,79.634946,0.032141,0.151074,,334,41
9,3,base,19,6.036616,11.305363,139.410099,3.843656,0.006593,0.068780,,185,41
9,3,LOPAMM,20,28.579975,20.518900,586.650603,397.669957,0.012390,0.093198,,372,41
9,3,ind,20,84.471642,133.615087,974.361514,102.258711,0.031868,0.149641,,372,41
9,3,base,20,7.071465,12.645442,173.093233,7.641074,0.007523,0.072486,,197,41
9,3,LOPAMM,21,36.706001,23.019518,651.473242,546.428087,0.010289,0.081354,,420,41
9,3,ind,21,146.481189,155.505216,1165.678214,136.656833,0.035095,0.157035,,420,41
9,3,base,21,12.266336,17.304011,162.458941,11.862874,0.005608,0.058430,,210,41
9,3,LOPAMM,22,22.060028,18.423005,496.346569,253.471154,0.011406,0.091669,,340,41
9,3,ind,22,40.440162,115.732069,902.329949,90.734273,0.037465,0.163712,,340,41
9,3,base,22,3.501418,8.632984,148.111375,3.487850,0.007715,0.071574,,186,41
9,3,LOPAMM,23,36.659830,19.469199,613.819682,375.667527,0.012014,0.096424,,380,41
9,3,ind,23,80.317732,81.768921,1043.740370,93.121190,0.033799,0.163206,,380,41
9,3,base,23,7.369843,9.896020,156.487134,6.152762,0.007173,0.069952,,198,41
9,3,LOPAMM,24,39.456935,26.952766,625.666862,868.712911,0.012717,0.093198,,364,41
9,3,ind,24,211.132748,180.837993,1180.702642,176.743926,0.045914,0.172928,,364,41
9,3,base,24,19.953290,23.381910,190.460021,20.166436,0.008109,0.068735,,194,41
9,3,LOPAMM,25,28.338164,24.972464,487.791281,243.606939,0.011101,0.086526,,360,41
9,3,ind,25,31.584491,102.360352,826.629974,77.017785,0.035466,0.151837,,360,41
9,3,base,25,4.175580,10.113459,128.283209,4.716773,0.005897,0.058342,,194,41
9,3,LOPAMM,26,92.294029,28.674593,826.451636,416.492482,0.023077,0.118281,,360,41
9,3,ind,26,68.799236,136.200020,1359.162702,131.329803,0.078585,0.221845,,360,41
9,3,base,26,3.878386,10.096809,232.056801,4.461269,0.013411,0.089470,,198,41
9,3,LOPAMM,27,23.319278,16.973568,555.972879,269.375704,0.011458,0.094709,,354,41
9,3,ind,27,56.947971,111.703011,1036.082178,68.895698,0.041782,0.171271,,354,41
9,3,base,27,5.740344,12.504397,153.400154,5.812644,0.006898,0.068927,,191,41
9,3,LOPAMM,28,36.171449,22.707629,683.450351,416.864666,0.017303,0.118522,,328,41
9,3,ind,28,69.115190,123.941270,1135.732456,100.572074,0.048439,0.195029,,328,41
9,3,base,28,5.904614,16.810993,189.573956,6.424883,0.010462,0.091512,,183,41
9,3,LOPAMM,29,23.803837,21.155671,504.240395,454.457776,0.010840,0.087586,,322,41
9,3,ind,29,105.937028,190.375547,937.065964,136.581952,0.043483,0.162588,,322,41
9,3,base,29,8.709390,16.399038,162.782964,10.075374,0.007442,0.071730,,180,41
9,3,LOPAMM,30,42.844231,23.190824,670.950028,330.940287,0.015705,0.113214,,372,41
9,3,ind,30,91.537969,140.381432,1064.248991,83.203471,0.037552,0.170313,,372,41
9,3,base,30,4.777532,11.064479,171.785288,3.126140,0.008591,0.082252,,197,41
9,3,LOPAMM,31,29.339878,24.951695,517.772733,354.809444,0.012697,0.094912,,368,41
9,3,ind,31,36.085426,99.830785,828.993543,60.430532,0.027082,0.138232,,368,41
9,3,base,31,4.840315,11.676244,152.134665,5.520612,0.007792,0.069583,,194,41
9,3,LOPAMM,32,63.541534,43.624164,609.865739,562.986143,0.014534,0.101818,,342,41
9,3,ind,32,41.251227,101.164933,1056.386501,110.121189,0.045644,0.178840,,342,41
9,3,base,32,7.033016,18.738232,189.156266,6.092201,0.011023,0.085425,,188,41
9,3,LOPAMM,33,38.291619,21.008309,606.756658,244.554770,0.012986,0.098459,,400,41
9,3,ind,33,53.884432,95.780629,1054.543138,76.487085,0.036261,0.160295,,400,41
9,3,base,33,4.626969,9.947215,154.733062,4.347974,0.006013,0.067879,,206,41
9,3,LOPAMM,34,35.569300,27.817496,620.903593,476.301790,0.014805,0.103248,,362,41
9,3,ind,34,82.474598,172.168304,1243.701439,128.695937,0.052288,0.189131,,362,41
9,3,base,34,8.242314,16.813743,185.256771,8.859574,0.009666,0.079060,,193,41
9,3,LOPAMM,35,55.058069,27.108669,605.846993,649.474761,0.014672,0.098890,,366,41
9,3,ind,35,146.308921,147.156720,1178.873086,134.994953,0.051834,0.192699,,366,41
9,3,base,35,14.006317,22.416838,172.713128,12.030608,0.008664,0.075056,,195,41
9,3,LOPAMM,36,33.995050,17.098286,708.321405,764.645249,0.012170,0.088731,,366,41
9,3,ind,36,208.022098,158.715531,1333.178698,189.232652,0.050710,0.178096,,366,41
9,3,base,36,19.283588,18.695055,215.040222,18.921391,0.007802,0.070960,,195,41
9,3,LOPAMM,37,33.672760,20.171595,573.690839,185.664424,0.014303,0.104746,,374,41
9,3,ind,37,32.869889,89.387094,963.440922,56.031354,0.032985,0.157534,,374,41
9,3,base,37,1.784050,7.915016,157.586545,2.100142,0.008305,0.074964,,195,41
9,3,LOPAMM,38,29.198141,19.047849,597.134554,434.626606,0.010977,0.087804,,384,41
9,3,ind,38,101.428812,151.154744,1155.651882,133.193538,0.039662,0.164683,,384,41
9,3,base,38,7.978444,15.508972,172.008097,8.573608,0.007447,0.070835,,198,41
9,3,LOPAMM,39,71.835957,46.070290,567.834969,896.812085,0.013327,0.093216,,380,41
9,3,ind,39,177.158341,183.937773,882.512485,117.536629,0.030365,0.140014,,380,41
9,3,base,39,19.162778,29.694890,157.707466,17.177610,0.005785,0.060658,,200,41
10,4,LOPAMM,0,51.061212,24.431442,1016.886720,2223.628262,0.009783,0.082362,,648,59
10,4,ind,0,222.750594,229.275115,2338.199028,265.039963,0.048276,0.183978,,648,59
10,4,base,0,12.030771,13.604930,193.986767,12.258901,0.006258,0.063471,,254,59
10,4,LOPAMM,1,47.784504,27.348358,830.530314,1078.764873,0.009142,0.077157,,652,59
10,4,ind,1,41.446178,171.279348,1696.143532,169.308829,0.034322,0.151051,,652,59
10,4,base,1,0.734908,7.017587,147.720211,3.374569,0.004680,0.052756,,257,59
10,4,LOPAMM,2,56.544351,26.999434,1136.915337,1413.436016,0.010560,0.085367,,672,59
10,4,ind,2,122.765123,233.249983,2611.391378,238.201903,0.052521,0.184954,,672,59
10,4,base,2,3.305732,8.958104,166.689551,3.620880,0.004986,0.057392,,262,59
10,4,LOPAMM,3,85.792160,33.590263,1067.024365,4103.874811,0.009412,0.078589,,712,59
10,4,ind,3,675.239413,536.284260,2440.527176,402.721897,0.048990,0.179503,,712,59
10,4,base,3,24.204773,34.865608,185.449442,19.662786,0.004582,0.053874,,270,59
10,4,LOPAMM,4,68.387820,30.941399,1100.556601,1972.403878,0.011208,0.082553,,704,59
10,4,ind,4,238.077662,242.102896,2385.092145,290.440878,0.051915,0.181717,,704,59
10,4,base,4,5.416033,7.400185,185.377047,5.112843,0.006428,0.060567,,264,59
10,4,LOPAMM,5,49.508292,35.162168,979.141503,1506.719598,0.008482,0.073332,,736,59
10,4,ind,5,84.700169,196.217515,2240.372850,188.504815,0.040933,0.173499,,736,59
10,4,base,5,6.102274,15.469509,173.844759,5.790199,0.005405,0.056598,,273,59
10,4,LOPAMM,6,56.182828,28.064611,1126.131374,2791.095873,0.008278,0.062014,,634,59
10,4,ind,6,387.531283,609.264887,2699.985092,540.375985,0.077856,0.201298,,634,59
10,4,base,6,15.656432,26.418123,241.293033,18.017436,0.005961,0.055912,,253,59
10,4,LOPAMM,7,90.767003,31.881080,1382.750547,3078.021403,0.012594,0.082970,,686,59
10,4,ind,7,364.992762,496.964200,3089.407571,491.560174,0.081105,0.231526,,686,59
10,4,base,7,14.625883,24.836984,235.172239,14.815544,0.007057,0.067203,,260,59
10,4,LOPAMM,8,32.938917,21.552936,709.760125,1276.010875,0.008169,0.073256,,582,59
10,4,ind,8,117.825770,225.545975,1551.211395,150.017392,0.031571,0.152179,,582,59
10,4,base,8,4.480900,13.045419,144.723632,5.693266,0.004402,0.053496,,243,59
10,4,LOPAMM,9,41.335062,34.174790,943.432927,3103.558068,0.009432,0.076744,,608,59
10,4,ind,9,355.606303,470.996486,2099.887450,336.933984,0.053223,0.191812,,608,59
10,4,base,9,14.331937,27.116733,207.424500,16.778088,0.007051,0.064781,,249,59
10,4,LOPAMM,10,62.797232,34.674679,1078.357600,1946.243251,0.010076,0.080539,,630,59
10,4,ind,10,185.182209,399.650964,2472.014196,332.863065,0.059464,0.202435,,630,59
10,4,base,10,6.589944,16.835202,176.455113,7.516603,0.005060,0.057252,,256,59
10,4,LOPAMM,11,52.241737,29.468212,947.220790,2051.823650,0.009729,0.081971,,634,59
10,4,ind,11,84.356050,214.556068,2112.907487,233.950079,0.048345,0.179143,,634,59
10,4,base,11,7.142883,13.929619,171.045460,7.746727,0.005303,0.059188,,251,59
10,4,LOPAMM,12,58.976928,31.322855,767.019397,3434.181812,0.009346,0.076301,,584,59
10,4,ind,12,329.308778,306.788151,1699.396078,250.537623,0.045454,0.168648,,584,59
10,4,base,12,23.143521,29.979551,173.824861,19.975552,0.004793,0.053094,,250,59
10,4,LOPAMM,13,70.641268,28.804564,1151.026141,2488.523688,0.013483,0.091998,,594,59
10,4,ind,13,335.881572,519.135098,2687.983724,412.363437,0.073147,0.211114,,594,59
10,4,base,13,12.967987,24.758714,211.515543,13.541658,0.007907,0.070086,,247,59
10,4,LOPAMM,14,53.664598,42.411414,898.021890,1522.113230,0.011972,0.089744,,594,59
10,4,ind,14,186.012441,303.921737,1909.108324,212.247529,0.048727,0.177025,,594,59
10,4,base,14,7.320057,15.783348,164.889416,7.075351,0.005278,0.059452,,246,59
10,4,LOPAMM,15,44.657314,32.429087,764.445571,1730.791070,0.007950,0.071327,,658,59
10,4,ind,15,212.930968,261.784500,1762.520698,168.566106,0.034026,0.149562,,658,59
10,4,base,15,9.493837,16.447831,138.280640,7.182432,0.003926,0.047777,,259,59
10,4,LOPAMM,16,32.725272,23.600425,837.813028,1888.670048,0.006891,0.062942,,730,59
10,4,ind,16,313.581915,392.346970,2283.033419,245.827706,0.042328,0.170543,,730,59
10,4,base,16,12.608059,18.407655,171.162105,11.661461,0.005200,0.052490,,271,59
10,4,LOPAMM,17,68.670183,33.058334,1318.342807,2001.603015,0.011455,0.091208,,694,59
10,4,ind,17,340.977438,367.411866,3060.525451,326.990616,0.066538,0.213247,,694,59
10,4,base,17,10.189639,14.672950,203.616256,8.851985,0.006424,0.066017,,263,59
10,4,LOPAMM,18,44.907566,27.836997,752.641316,1928.301845,0.008550,0.074828,,606,59
10,4,ind,18,141.283601,209.663264,1669.380504,173.796604,0.033063,0.151211,,606,59
10,4,base,18,8.350104,19.337607,148.862430,8.596955,0.004354,0.052974,,248,59
10,4,LOPAMM,19,54.900473,36.773019,802.696713,1648.547986,0.009221,0.079345,,582,59
10,4,ind,19,209.869673,272.371706,1776.345926,216.744824,0.042208,0.165813,,582,59
10,4,base,19,5.939994,13.064385,139.673846,6.363746,0.004291,0.051569,,245,59
10,4,LOPAMM,20,37.904769,30.745986,846.504737,982.346734,0.008150,0.073401,,704,59
10,4,ind,20,46.352449,150.004627,1935.612155,128.475045,0.029984,0.144374,,704,59
10,4,base,20,4.610761,9.334469,136.144879,3.754094,0.003872,0.047311,,267,59
10,4,LOPAMM,21,34.032120,27.531359,863.565721,1052.960282,0.006802,0.063434,,808,59
10,4,ind,21,90.663549,259.585085,1901.098890,163.742900,0.030394,0.138013,,808,59
10,4,base,21,3.081733,9.649077,137.398318,4.558680,0.003296,0.042599,,290,59
10,4,LOPAMM,22,49.859649,25.204611,973.455684,2009.610325,0.012175,0.088383,,576,59
10,4,ind,22,150.442307,324.057035,2307.822135,281.060904,0.065697,0.220186,,576,59
10,4,base,22,7.661657,16.335831,213.930331,10.612746,0.008651,0.074427,,237,59
10,4,LOPAMM,23,62.208501,32.125574,1217.553161,1793.570467,0.012594,0.088880,,652,59
10,4,ind,23,84.699092,370.564628,2693.541649,324.996323,0.059468,0.204167,,652,59
10,4,base,23,5.993537,12.323002,212.149105,5.856900,0.007452,0.070971,,259,59
10,4,LOPAMM,24,39.854406,24.050151,968.436106,1649.112166,0.008813,0.076596,,656,59
10,4,ind,24,243.576848,231.960519,2517.458230,236.063088,0.053720,0.200014,,656,59
10,4,base,24,10.707395,13.463139,195.050095,9.190646,0.006862,0.064238,,251,59
10,4,LOPAMM,25,30.156566,22.846671,739.933329,998.625657,0.006837,0.067196,,676,59
10,4,ind,25,72.739265,139.576175,1793.063079,103.550891,0.031693,0.154161,,676,59
10,4,base,25,4.743160,8.088109,136.702901,4.577294,0.004216,0.048528,,258,59
10,4,LOPAMM,26,92.501127,47.000214,999.443261,2802.702036,0.011744,0.088656,,650,59
10,4,ind,26,310.815766,293.221742,2118.205571,224.500788,0.050365,0.184239,,650,59
10,4,base,26,19.373348,23.274741,173.450291,13.113422,0.004832,0.056196,,263,59
10,4,LOPAMM,27,90.424829,48.007898,1129.347259,3898.890694,0.010608,0.078941,,654,59
10,4,ind,27,515.423699,496.230040,2641.083994,431.562808,0.066021,0.211162,,654,59
10,4,base,27,20.399536,30.488913,225.542782,20.414124,0.007555,0.065226,,254,59
10,4,LOPAMM,28,42.326467,22.002083,944.687410,1037.913786,0.012079,0.097608,,582,59
10,4,ind,28,35.483516,157.395806,2155.937176,153.170160,0.051014,0.202106,,582,59
10,4,base,28,0.684927,7.024487,199.016230,2.224589,0.008021,0.077600,,243,59
10,4,LOPAMM,29,43.712014,24.405698,839.503459,1255.339610,0.007772,0.068142,,646,59
10,4,ind,29,45.211338,258.436207,2138.175326,229.387329,0.053685,0.182302,,646,59
10,4,base,29,2.452341,8.667934,160.290495,5.237618,0.004914,0.054265,,254,59
10,4,LOPAMM,30,47.531300,25.537085,1028.234722,1899.854937,0.008004,0.073425,,730,59
10,4,ind,30,266.239733,320.126869,2391.068499,229.016398,0.042183,0.173302,,730,59
10,4,base,30,10.356001,17.975644,183.148198,8.819589,0.005327,0.057944,,273,59
10,4,LOPAMM,31,46.302263,29.672970,923.467250,2418.275312,0.008944,0.077364,,654,59
10,4,ind,31,316.745398,378.545590,1990.948408,236.477595,0.042258,0.169381,,654,59
10,4,base,31,13.827614,22.318802,162.566005,13.369569,0.003821,0.052232,,256,59
10,4,LOPAMM,32,42.495619,24.576745,930.799761,1639.733749,0.007943,0.074375,,638,59
10,4,ind,32,202.848614,209.333939,2189.683308,204.210771,0.043683,0.175185,,638,59
10,4,base,32,6.688062,11.872261,160.884882,6.586482,0.004749,0.056236,,250,59
10,4,LOPAMM,33,32.632321,22.372548,817.299496,979.557340,0.006825,0.068685,,726,59
10,4,ind,33,92.217377,215.105899,1555.358085,124.585159,0.024396,0.129378,,726,59
10,4,base,33,1.783435,9.112583,106.021357,1.871156,0.002089,0.036570,,275,59
10,4,LOPAMM,34,68.302571,27.232466,1386.315334,4398.034011,0.009201,0.065482,,694,59
10,4,ind,34,749.619320,735.470012,3973.871175,849.983336,0.098919,0.221695,,694,59
10,4,base,34,28.435660,32.680774,277.375582,31.518757,0.006804,0.056658,,265,59
10,4,LOPAMM,35,48.631030,31.967726,986.445747,1884.431077,0.009206,0.076509,,698,59
10,4,ind,35,334.747426,436.576194,2257.298048,261.308747,0.042170,0.167583,,698,59
10,4,base,35,10.399730,17.344740,177.431020,8.427739,0.005502,0.056628,,265,59
10,4,LOPAMM,36,39.899991,24.325118,911.500365,2501.638588,0.010165,0.079981,,582,59
10,4,ind,36,306.830031,213.469728,2061.605712,249.050160,0.048782,0.178712,,582,59
10,4,base,36,17.757859,16.986772,197.276214,15.462522,0.006663,0.060751,,244,59
10,4,LOPAMM,37,75.747660,35.921888,1090.565335,2129.388853,0.010905,0.079580,,666,59
10,4,ind,37,68.596018,310.360895,2395.214215,300.843902,0.057998,0.189617,,666,59
10,4,base,37,9.930254,14.430405,202.022660,11.200830,0.006327,0.061000,,259,59
10,4,LOPAMM,38,53.684408,35.649584,958.048115,1166.674658,0.009676,0.081923,,646,59
10,4,ind,38,-9.007177,381.001124,2269.985824,259.856787,0.049254,0.186571,,646,59
10,4,base,38,0.808211,5.056698,190.539107,1.023987,0.006689,0.067020,,252,59
10,4,LOPAMM,39,45.052047,30.025399,720.348559,2396.410397,0.007641,0.061406,,662,59
10,4,ind,39,253.671632,352.303636,1617.484389,249.555155,0.038079,0.134572,,662,59
10,4,base,39,13.171856,23.904958,144.061261,13.866838,0.003657,0.040437,,264,59
11,4,LOPAMM,0,71.832354,29.264933,1259.400250,3192.103426,0.012290,0.090292,,676,65
11,4,ind,0,269.028814,444.570496,2766.409198,367.385722,0.066112,0.215657,,676,65
11,4,base,0,11.014897,19.915171,257.946513,11.422496,0.009130,0.071433,,277,65
11,4,LOPAMM,1,55.664644,29.185739,1126.297965,2317.399315,0.011155,0.092663,,644,65
11,4,ind,1,193.892468,342.087857,2694.212581,314.147559,0.059631,0.209460,,644,65
11,4,base,1,5.701036,14.404183,189.662162,7.069373,0.005594,0.062203,,269,65
11,4,LOPAMM,2,36.272830,25.832452,960.134437,1921.707117,0.008623,0.075419,,718,65
11,4,ind,2,187.367767,255.038308,2179.160136,208.558088,0.036753,0.159210,,718,65
11,4,base,2,7.151578,12.860232,171.024510,6.700392,0.004997,0.054152,,284,65
11,4,LOPAMM,3,60.376903,34.487799,1011.163459,2490.217620,0.011350,0.087099,,630,65
11,4,ind,3,136.350605,265.748282,2174.934510,227.057945,0.049595,0.185637,,630,65
11,4,base,3,8.536193,13.952849,204.710208,7.966663,0.006686,0.064543,,271,65
11,4,LOPAMM,4,60.493932,38.349132,981.241511,1711.549876,0.009409,0.079138,,734,65
11,4,ind,4,62.864430,189.261352,2144.113269,193.359918,0.040492,0.163841,,734,65
11,4,base,4,3.487606,9.213738,176.728419,4.015533,0.005313,0.055876,,288,65
11,4,LOPAMM,5,70.930230,39.856477,1028.358941,4383.105840,0.011220,0.084084,,604,65
11,4,ind,5,278.753984,286.247970,2357.552128,347.793856,0.065837,0.199185,,604,65
11,4,base,5,16.730385,28.734569,217.859971,16.314014,0.007228,0.064985,,262,65
11,4,LOPAMM,6,43.519052,26.632980,799.663016,2789.184393,0.007347,0.064831,,734,65
11,4,ind,6,233.411050,341.113893,1719.509918,206.649393,0.029657,0.136717,,734,65
11,4,base,6,10.354860,20.271979,166.266966,10.520966,0.003868,0.047240,,292,65
11,4,LOPAMM,7,30.139937,20.450429,821.546731,1318.575932,0.008466,0.070495,,696,65
11,4,ind,7,49.718155,216.986589,2031.562358,180.529731,0.039563,0.168483,,696,65
11,4,base,7,4.212038,9.083374,187.587262,4.873202,0.006996,0.059866,,277,65
11,4,LOPAMM,8,48.033113,31.588639,887.649224,2318.921639,0.007980,0.068146,,706,65
11,4,ind,8,164.080833,558.377826,2065.205501,325.041967,0.046429,0.170321,,706,65
11,4,base,8,4.289875,22.254530,183.300102,9.614122,0.004487,0.051989,,282,65
11,4,LOPAMM,9,38.366967,26.758667,834.157545,1817.853705,0.009490,0.079402,,608,65
11,4,ind,9,89.922724,196.490615,2097.581079,174.259350,0.052187,0.187225,,608,65
11,4,base,9,6.770614,12.834620,193.207855,6.258014,0.006898,0.065856,,258,65
11,4,LOPAMM,10,39.706953,22.322047,1157.485266,2787.857260,0.007528,0.068312,,698,65
11,4,ind,10,352.543307,337.322964,2858.662848,388.339157,0.056675,0.189390,,698,65
11,4,base,10,13.324581,14.470475,187.679971,12.597860,0.004558,0.052498,,278,65
11,4,LOPAMM,11,31.591408,20.585559,838.412747,1906.762221,0.008143,0.072583,,670,65
11,4,ind,11,153.021160,449.634282,1910.876621,263.846826,0.040588,0.159191,,670,65
11,4,base,11,5.976817,17.225881,161.102661,8.022009,0.003674,0.047682,,280,65
11,4,LOPAMM,12,37.474785,20.561781,930.454120,936.657867,0.010228,0.083108,,672,65
11,4,ind,12,16.085623,229.947489,1958.103074,180.706036,0.043404,0.169971,,672,65
11,4,base,12,1.753491,6.246106,186.463008,1.720586,0.005760,0.061061,,277,65
11,4,LOPAMM,13,70.116856,46.632184,1013.841931,3184.079603,0.008859,0.075189,,724,65
11,4,ind,13,315.222869,262.621585,2347.117570,243.245096,0.038838,0.162158,,724,65
11,4,base,13,11.403947,15.050935,173.923895,9.421709,0.004542,0.051936,,284,65
11,4,LOPAMM,14,33.320345,26.653743,945.215228,2256.026332,0.006814,0.065866,,740,65
11,4,ind,14,239.691555,319.079295,2390.735924,257.951549,0.037583,0.161091,,740,65
11,4,base,14,9.413035,14.457289,161.268722,8.691722,0.004072,0.048358,,282,65
11,4,LOPAMM,15,59.819562,35.901765,947.478922,2504.054575,0.009034,0.073249,,762,65
11,4,ind,15,220.341784,307.265249,2261.781263,254.019004,0.039675,0.158712,,762,65
11,4,base,15,7.521944,13.540423,159.131043,7.459080,0.003803,0.046525,,297,65
11,4,LOPAMM,16,56.460202,27.681734,1124.369792,5423.557285,0.009898,0.077988,,646,65
11,4,ind,16,674.081340,548.996626,2914.912285,582.371679,0.073870,0.221165,,646,65
11,4,base,16,28.445016,27.611970,269.230247,26.543054,0.006906,0.068226,,271,65
11,4,LOPAMM,17,145.234881,50.193151,1626.030672,4495.787136,0.022457,0.115206,,690,65
11,4,ind,17,299.131263,543.915173,3425.499383,502.050391,0.086576,0.246881,,690,65
11,4,base,17,6.838077,13.208925,323.072666,7.128120,0.016282,0.097636,,278,65
11,4,LOPAMM,18,48.538830,29.972455,979.589263,3382.022677,0.007843,0.068942,,718,65
11,4,ind,18,377.531484,438.538748,2314.393718,364.522134,0.039301,0.158563,,718,65
11,4,base,18,15.015810,22.990025,185.437563,14.683519,0.004405,0.051008,,283,65
11,4,LOPAMM,19,56.119271,31.945001,843.610636,3922.903743,0.008447,0.072069,,688,65
11,4,ind,19,238.676407,260.656049,2083.662511,212.019225,0.039150,0.168484,,688,65
11,4,base,19,17.491525,22.546531,190.480850,15.730940,0.005733,0.056456,,278,65
11,4,LOPAMM,20,63.149261,36.226929,1054.540861,4918.571597,0.008118,0.069563,,680,65
11,4,ind,20,632.762511,572.352566,2601.348413,478.677092,0.058109,0.196638,,680,65
11,4,base,20,25.368945,28.125154,230.528325,22.719672,0.005610,0.059127,,271,65
11,4,LOPAMM,21,32.443533,21.719248,904.299195,1900.545575,0.008079,0.073023,,684,65
11,4,ind,21,208.802591,383.793531,2324.556196,255.076075,0.040218,0.171004,,684,65
11,4,base,21,6.111485,13.650798,177.988171,6.427780,0.004679,0.055405,,278,65
11,4,LOPAMM,22,99.671550,39.042463,1428.430418,3112.985554,0.016372,0.101148,,674,65
11,4,ind,22,176.640898,344.855238,2788.629717,363.862810,0.072946,0.221915,,674,65
11,4,base,22,5.889764,16.095694,269.800310,9.638629,0.011520,0.081876,,278,65
11,4,LOPAMM,23,60.702064,38.774767,964.638844,1685.100851,0.008991,0.072507,,746,65
11,4,ind,23,158.542318,251.513801,2162.201790,189.524506,0.036149,0.155732,,746,65
11,4,base,23,4.037425,11.875741,152.506873,5.790273,0.004139,0.047593,,292,65
11,4,LOPAMM,24,133.104589,40.689343,1548.988966,6226.670633,0.015340,0.112646,,720,65
11,4,ind,24,509.620753,432.308631,3223.268934,394.018530,0.063128,0.231565,,720,65
11,4,base,24,18.999728,34.690596,279.633355,15.761998,0.009830,0.086126,,282,65
11,4,LOPAMM,25,38.011594,27.369821,816.708187,1761.879262,0.007532,0.069960,,638,65
11,4,ind,25,142.045005,296.293446,2057.024811,216.648889,0.045942,0.171135,,638,65
11,4,base,25,5.017762,12.631756,171.910510,5.773767,0.004925,0.057165,,265,65
11,4,LOPAMM,26,66.321920,30.927884,1447.051227,4491.263953,0.007331,0.059124,,772,65
11,4,ind,26,625.988465,940.987769,3314.228172,743.582982,0.075547,0.210723,,772,65
11,4,base,26,21.337215,32.371140,247.604324,22.996649,0.004718,0.050029,,294,65
11,4,LOPAMM,27,54.951485,30.195722,1075.024094,3204.001803,0.009724,0.080069,,678,65
11,4,ind,27,316.891978,423.121767,2675.120898,392.903358,0.059456,0.200499,,678,65
11,4,base,27,10.574009,18.434729,219.074835,11.029663,0.006721,0.066015,,280,65
11,4,LOPAMM,28,37.940463,28.224362,1058.798106,1610.423377,0.008686,0.078815,,690,65
11,4,ind,28,175.608779,318.424352,2262.553316,208.483386,0.042373,0.168787,,690,65
11,4,base,28,5.457795,11.275984,200.361558,5.909780,0.005894,0.062033,,282,65
11,4,LOPAMM,29,63.791653,35.760886,1086.898901,3135.279932,0.008879,0.074624,,710,65
11,4,ind,29,443.748013,568.161848,2757.594347,379.735155,0.060053,0.205639,,710,65
11,4,base,29,14.479174,23.303011,224.639617,11.955848,0.006548,0.064586,,280,65
11,4,LOPAMM,30,50.417160,30.979906,989.709901,2939.612410,0.010216,0.079549,,652,65
11,4,ind,30,213.492281,351.318427,2202.040608,248.022443,0.043890,0.167759,,652,65
11,4,base,30,12.943596,18.084344,197.824387,12.853023,0.005807,0.060283,,268,65
11,4,LOPAMM,31,86.393623,38.054534,1050.905319,2613.447261,0.012056,0.082196,,646,65
11,4,ind,31,32.796557,329.081157,2418.487487,334.303312,0.069841,0.209574,,646,65
11,4,base,31,4.279438,11.623975,204.323914,4.758802,0.007661,0.063249,,271,65
11,4,LOPAMM,32,38.943064,22.043008,894.525523,1882.053906,0.009036,0.075408,,704,65
11,4,ind,32,110.505256,200.898893,2015.879556,172.267801,0.037989,0.158251,,704,65
11,4,base,32,6.884961,11.245845,172.678218,7.358923,0.004795,0.053631,,283,65
11,4,LOPAMM,33,56.793632,31.657759,1090.368003,2139.410327,0.010160,0.086070,,712,65
11,4,ind,33,196.513549,304.723606,2265.997195,216.516249,0.041972,0.179519,,712,65
11,4,base,33,8.472074,14.101230,212.527587,6.644266,0.006078,0.066926,,282,65
11,4,LOPAMM,34,60.816358,33.078261,1088.088669,2934.127075,0.008565,0.072404,,760,65
11,4,ind,34,280.984187,428.207437,2713.791513,351.584983,0.045875,0.180863,,760,65
11,4,base,34,9.871869,13.722311,212.465110,10.387690,0.006007,0.059509,,289,65
11,4,LOPAMM,35,72.287684,28.616519,1449.731659,1968.891716,0.013402,0.099494,,760,65
11,4,ind,35,57.829206,239.845194,3185.376256,269.802679,0.072625,0.229470,,760,65
11,4,base,35,3.361642,9.438311,226.741174,4.892730,0.006463,0.069034,,292,65
11,4,LOPAMM,36,64.110858,32.946359,1178.979057,2389.013441,0.009827,0.079318,,840,65
11,4,ind,36,268.665168,375.957703,2386.749177,261.252086,0.035921,0.159145,,840,65
11,4,base,36,9.378388,16.428781,171.884208,8.303614,0.004112,0.049315,,308,65
11,4,LOPAMM,37,44.307275,23.263219,1000.599613,2147.239648,0.009122,0.077338,,706,65
11,4,ind,37,196.589018,411.117882,2301.680749,279.671325,0.042598,0.169273,,706,65
11,4,base,37,7.920240,17.664859,206.213331,8.380559,0.006479,0.062276,,280,65
11,4,LOPAMM,38,49.505355,32.347563,924.624505,2118.306464,0.008808,0.074732,,734,65
11,4,ind,38,192.271897,319.203144,2163.762031,242.787954,0.042979,0.167509,,734,65
11,4,base,38,7.511869,12.528544,176.857513,6.680540,0.004879,0.054857,,285,65
11,4,LOPAMM,39,35.348384,23.926972,727.036181,2092.220227,0.006031,0.055365,,798,65
11,4,ind,39,144.720424,277.006525,1666.793475,171.765104,0.022707,0.118952,,798,65
11,4,base,39,7.822146,16.197233,119.574125,8.208928,0.002613,0.034777,,300,65
12,4,LOPAMM,0,39.612037,19.743695,985.880959,3664.118810,0.007979,0.069804,,760,70
12,4,ind,0,258.204496,428.499507,2841.730946,352.820209,0.056525,0.195324,,760,70
12,4,base,0,11.325900,15.654281,208.676858,12.799161,0.005867,0.056591,,301,70
12,4,LOPAMM,1,114.768510,62.072391,1161.585477,5347.492477,0.012213,0.084018,,814,70
12,4,ind,1,328.830503,338.742422,2162.086327,265.892383,0.038741,0.153526,,814,70
12,4,base,1,10.628418,25.005528,195.445823,8.992527,0.006027,0.056122,,314,70
12,4,LOPAMM,2,48.022638,31.842490,1091.614802,1856.108785,0.010331,0.084663,,766,70
12,4,ind,2,73.977412,168.133520,2485.801879,173.174711,0.048395,0.180890,,766,70
12,4,base,2,1.866854,6.728081,185.779959,3.354510,0.004694,0.056031,,309,70
12,4,LOPAMM,3,82.685745,47.199672,1413.076638,5931.281214,0.009791,0.076898,,840,70
12,4,ind,3,380.827598,464.917069,3118.362684,447.555958,0.055552,0.193764,,840,70
12,4,base,3,11.338986,25.878369,251.422119,17.805494,0.005846,0.060546,,321,70
12,4,LOPAMM,4,73.348157,36.592596,1265.383633,3003.182599,0.010315,0.082006,,832,70
12,4,ind,4,172.816182,268.074072,2747.000595,243.562260,0.045061,0.176584,,832,70
12,4,base,4,3.952926,10.816542,185.533168,4.514188,0.004342,0.053446,,316,70
12,4,LOPAMM,5,51.761463,33.894339,1202.402199,1992.146571,0.008440,0.072912,,874,70
12,4,ind,5,139.318505,348.231721,2547.992668,242.026369,0.041907,0.164784,,874,70
12,4,base,5,3.404517,10.887904,184.349267,3.795695,0.003958,0.051592,,325,70
12,4,LOPAMM,6,66.003075,43.883233,1084.753969,3093.277363,0.009597,0.079167,,754,70
12,4,ind,6,205.776191,317.150590,2521.273249,262.094799,0.044722,0.178496,,754,70
12,4,base,6,5.573634,11.910943,217.231051,5.619773,0.006136,0.061674,,302,70
12,4,LOPAMM,7,45.715997,29.256402,1193.174210,2661.811046,0.008489,0.077763,,782,70
12,4,ind,7,225.951521,408.735537,2959.340884,288.850206,0.052357,0.202310,,782,70
12,4,base,7,7.644185,15.443637,212.899267,8.533452,0.005402,0.059720,,305,70
12,4,LOPAMM,8,70.012170,34.243247,1267.524239,3600.496510,0.010846,0.081661,,730,70
12,4,ind,8,170.848107,390.220676,2593.542265,318.971066,0.049361,0.182100,,730,70
12,4,base,8,3.806228,15.585297,203.238283,6.311408,0.004820,0.057130,,297,70
12,4,LOPAMM,9,55.568759,25.594753,1107.825404,3920.812284,0.008164,0.065256,,710,70
12,4,ind,9,349.350214,639.027403,2769.879049,476.382178,0.062231,0.199008,,710,70
12,4,base,9,12.523774,24.221621,266.254707,14.031709,0.007249,0.062121,,295,70
12,4,LOPAMM,10,73.472858,44.113227,1153.360675,4566.057748,0.009979,0.083310,,706,70
12,4,ind,10,244.829703,506.744462,2463.497710,364.314472,0.050614,0.189080,,706,70
12,4,base,10,8.834668,24.830957,240.422157,12.114516,0.006745,0.066033,,297,70
12,4,LOPAMM,11,33.716358,26.722947,942.862022,2248.740090,0.008209,0.072673,,764,70
12,4,ind,11,77.831916,261.977124,2076.265132,176.756299,0.034036,0.153636,,764,70
12,4,base,11,3.965373,12.687235,166.152501,5.475061,0.004039,0.049497,,306,70
12,4,LOPAMM,12,89.260904,45.655639,1035.882489,11470.949339,0.009589,0.072953,,688,70
12,4,ind,12,735.108932,510.857608,2480.935937,508.603810,0.054141,0.180568,,688,70
12,4,base,12,42.367913,43.589959,251.089011,40.150962,0.005274,0.051412,,297,70
12,4,LOPAMM,13,55.697377,30.659956,1358.687161,5370.077792,0.010038,0.079558,,714,70
12,4,ind,13,438.008014,568.833671,3260.504916,493.336521,0.069673,0.220100,,714,70
12,4,base,13,17.210912,24.443106,275.518054,17.064767,0.007286,0.068905,,297,70
12,4,LOPAMM,14,65.825516,32.905972,985.396381,3108.867127,0.010671,0.083461,,698,70
12,4,ind,14,180.772770,280.645750,2240.760591,243.679807,0.043221,0.164147,,698,70
12,4,base,14,6.533072,11.438332,163.623906,6.610894,0.004383,0.050767,,289,70
12,4,LOPAMM,15,46.021213,32.457423,968.365906,2208.562790,0.007523,0.071701,,812,70
12,4,ind,15,184.584210,260.511833,2144.110714,182.567774,0.030376,0.149325,,812,70
12,4,base,15,4.207445,10.515797,154.621802,3.691691,0.003379,0.045861,,315,70
12,4,LOPAMM,16,41.354696,24.851285,1058.989754,3600.801283,0.007161,0.065912,,840,70
12,4,ind,16,364.367833,354.587480,2847.702258,298.861834,0.046886,0.186244,,840,70
12,4,base,16,13.675837,16.075144,194.782554,11.785071,0.005098,0.050700,,319,70
12,4,LOPAMM,17,97.307155,35.934246,1761.242491,13836.128398,0.009663,0.072986,,754,70
12,4,ind,17,1407.408976,675.246330,4546.830039,947.947869,0.103710,0.262163,,754,70
12,4,base,17,52.809568,37.054522,402.145079,51.274087,0.007783,0.069080,,301,70
12,4,LOPAMM,18,38.250770,28.318014,857.804280,2777.205474,0.007923,0.069984,,718,70
12,4,ind,18,201.903712,245.183141,2017.351499,191.473739,0.033287,0.147514,,718,70
12,4,base,18,6.561159,12.845654,152.075602,6.453709,0.003483,0.046306,,298,70
12,4,LOPAMM,19,36.651166,23.025819,810.888456,2414.973360,0.007666,0.070560,,690,70
12,4,ind,19,152.977047,222.662158,1892.007442,191.729105,0.033184,0.149435,,690,70
12,4,base,19,7.302393,12.437203,158.591274,7.353070,0.004203,0.048747,,290,70
12,4,LOPAMM,20,36.299341,25.335097,1002.062307,3114.901326,0.007473,0.066787,,830,70
12,4,ind,20,215.784629,275.847398,2466.791452,254.644908,0.041031,0.168647,,830,70
12,4,base,20,8.143403,14.391324,174.716074,9.695004,0.003768,0.044601,,321,70
12,4,LOPAMM,21,61.255023,33.082138,1186.711371,3185.456328,0.008090,0.074180,,920,70
12,4,ind,21,76.281354,293.576538,2598.126966,278.191877,0.039356,0.164682,,920,70
12,4,base,21,5.925851,12.929934,206.092849,7.113916,0.004337,0.053804,,339,70
12,4,LOPAMM,22,44.478831,25.417545,943.910190,4640.665548,0.009261,0.074728,,694,70
12,4,ind,22,327.445221,357.686668,2446.067784,294.688722,0.053097,0.184221,,694,70
12,4,base,22,16.605613,21.275481,224.575079,15.904590,0.007015,0.063676,,285,70
12,4,LOPAMM,23,46.812145,28.251355,1085.750177,2380.097059,0.009407,0.081352,,742,70
12,4,ind,23,53.214381,198.145685,2489.045556,226.263620,0.047250,0.188389,,742,70
12,4,base,23,5.552489,11.065465,215.299591,6.050134,0.005994,0.063229,,304,70
12,4,LOPAMM,24,53.108320,33.926313,1165.927991,3411.058001,0.010443,0.081634,,734,70
12,4,ind,24,265.775649,325.464113,2809.211180,292.475172,0.053081,0.189750,,734,70
12,4,base,24,8.885775,12.679392,242.976511,9.310820,0.008073,0.069984,,289,70
12,4,LOPAMM,25,58.172368,29.692066,1120.678864,6003.902488,0.007078,0.058962,,820,70
12,4,ind,25,523.727513,510.743908,2711.375081,462.256727,0.053879,0.188580,,820,70
12,4,base,25,24.097149,27.172214,222.086115,21.705798,0.004976,0.051339,,312,70
12,4,LOPAMM,26,71.417743,30.042523,1148.237217,5274.244047,0.009569,0.079413,,760,70
12,4,ind,26,401.370341,357.260718,2662.944873,333.845155,0.046803,0.176870,,760,70
12,4,base,26,17.954176,23.681984,193.661550,15.934195,0.004133,0.049066,,310,70
12,4,LOPAMM,27,34.242345,20.889361,978.856062,2673.759527,0.007056,0.064755,,812,70
12,4,ind,27,260.006562,384.525354,2588.883961,291.721514,0.040739,0.164871,,812,70
12,4,base,27,9.666759,14.919008,180.345057,9.188985,0.004602,0.047547,,311,70
12,4,LOPAMM,28,74.781556,39.371666,1257.371871,6317.736447,0.011479,0.086910,,696,70
12,4,ind,28,387.879643,297.455103,2854.196667,446.901851,0.070531,0.222407,,696,70
12,4,base,28,25.816862,20.816884,306.567396,21.257709,0.009905,0.081483,,288,70
12,4,LOPAMM,29,58.853716,25.244119,1090.844426,3384.588140,0.009666,0.073409,,782,70
12,4,ind,29,200.272101,365.088846,2596.474457,277.165884,0.046780,0.173650,,782,70
12,4,base,29,8.695990,18.695994,195.524440,9.012687,0.005037,0.053452,,307,70
12,4,LOPAMM,30,73.442075,41.405616,1171.467861,2221.252717,0.009197,0.076901,,822,70
12,4,ind,30,165.177330,282.159445,2611.095447,238.728278,0.040210,0.170882,,822,70
12,4,base,30,3.076034,7.759413,194.597831,3.180501,0.005131,0.056572,,316,70
12,4,LOPAMM,31,45.755304,32.461160,994.409752,4024.243410,0.008084,0.070990,,774,70
12,4,ind,31,392.685633,566.586820,2302.101812,351.284551,0.045388,0.168856,,774,70
12,4,base,31,13.006843,21.863750,187.318512,12.884608,0.003822,0.050700,,308,70
12,4,LOPAMM,32,63.361115,32.027877,1059.479404,4523.234524,0.008487,0.075166,,776,70
12,4,ind,32,218.946801,237.177487,2480.056350,220.652625,0.040998,0.170644,,776,70
12,4,base,32,11.789539,21.580083,193.535181,10.274879,0.005612,0.056496,,302,70
12,4,LOPAMM,33,83.640389,48.212729,1098.733764,2722.011456,0.009617,0.078991,,842,70
12,4,ind,33,182.706858,300.719308,2197.047888,235.225315,0.032114,0.146587,,842,70
12,4,base,33,2.391905,9.085069,173.489286,2.830187,0.003698,0.050654,,325,70
12,4,LOPAMM,34,101.174935,40.681604,1703.372062,4857.460143,0.011592,0.080536,,820,70
12,4,ind,34,413.779432,1058.438566,3741.340333,726.780435,0.088962,0.238452,,820,70
12,4,base,34,9.484054,28.622611,314.355473,14.641962,0.008294,0.069922,,316,70
12,4,LOPAMM,35,92.459152,25.570638,1643.389173,7927.794856,0.010865,0.081590,,804,70
12,4,ind,35,842.137566,734.375909,4316.766942,879.355010,0.098627,0.250330,,804,70
12,4,base,35,26.739202,31.970009,326.328435,29.235396,0.007145,0.068139,,312,70
12,4,LOPAMM,36,38.237249,20.472559,1197.552490,3343.635640,0.010653,0.081973,,752,70
12,4,ind,36,226.198836,307.206464,2946.150484,354.907889,0.054130,0.187532,,752,70
12,4,base,36,9.536677,13.524800,234.870238,11.277651,0.006494,0.064797,,303,70
12,4,LOPAMM,37,77.225385,43.066603,1595.536071,3293.969056,0.010426,0.083446,,860,70
12,4,ind,37,313.312473,419.072242,3480.468827,352.627246,0.057172,0.196870,,860,70
12,4,base,37,7.393133,14.200439,226.007644,8.376858,0.005572,0.060194,,320,70
12,4,LOPAMM,38,46.911512,30.837804,931.638354,2441.504492,0.008615,0.075554,,786,70
12,4,ind,38,125.256660,190.396665,2317.697958,206.505912,0.039855,0.168071,,786,70
12,4,base,38,4.527457,9.901725,180.494185,5.998676,0.004582,0.054110,,306,70
12,4,LOPAMM,39,45.308520,23.955203,872.492578,3260.551349,0.007401,0.062748,,794,70
12,4,ind,39,229.878778,267.148649,2119.643613,219.681406,0.035287,0.141426,,794,70
12,4,base,39,9.561634,14.160959,149.387888,10.389206,0.003612,0.039691,,312,70
13,4,LOPAMM,0,74.505959,38.132951,1567.808631,8243.140731,0.008147,0.070228,,904,77
13,4,ind,0,540.167785,715.597224,4194.877649,671.329391,0.065962,0.206834,,904,77
13,4,base,0,19.591160,24.160187,290.385447,21.328832,0.006086,0.060330,,341,77
13,4,LOPAMM,1,51.094126,36.408517,1033.339997,3458.228626,0.007964,0.069884,,876,77
13,4,ind,1,193.819859,337.770347,2365.139523,223.450385,0.032599,0.149058,,876,77
13,4,base,1,7.093823,14.880439,158.002014,6.230525,0.003008,0.042046,,339,77
13,4,LOPAMM,2,75.418099,54.259899,1107.015529,3465.537263,0.008444,0.071933,,820,77
13,4,ind,2,129.340473,305.069296,2327.983482,231.654770,0.040528,0.163404,,820,77
13,4,base,2,3.166191,10.076446,183.046864,3.283878,0.004133,0.049381,,334,77
13,4,LOPAMM,3,74.213037,43.121292,1133.266156,4016.476281,0.008537,0.073259,,906,77
13,4,ind,3,201.126852,363.690598,2513.166010,214.743083,0.034893,0.158830,,906,77
13,4,base,3,7.440751,17.243168,192.167347,6.152615,0.003820,0.050605,,348,77
13,4,LOPAMM,4,186.527901,49.161291,1995.101624,11688.822597,0.017786,0.097275,,902,77
13,4,ind,4,982.116188,1085.344057,4206.978032,816.100328,0.085517,0.229254,,902,77
13,4,base,4,27.991817,40.123236,314.692249,21.585168,0.007397,0.070491,,344,77
13,4,LOPAMM,5,55.364246,33.110168,1118.098440,3680.410177,0.007536,0.067208,,950,77
13,4,ind,5,267.008139,329.874072,2583.958477,261.893914,0.032874,0.153200,,950,77
13,4,base,5,8.615745,13.517347,185.165529,8.240505,0.003703,0.046867,,355,77
13,4,LOPAMM,6,55.981644,32.891272,1028.263352,5473.004359,0.007987,0.069451,,824,77
13,4,ind,6,307.211916,442.021552,2391.092725,307.799177,0.036447,0.154381,,824,77
13,4,base,6,9.893078,20.744621,183.405482,10.082025,0.004155,0.048079,,328,77
13,4,LOPAMM,7,42.160367,32.870261,879.127034,1931.463630,0.007393,0.068859,,822,77
13,4,ind,7,110.112178,181.357750,2062.084512,131.147105,0.028915,0.148606,,822,77
13,4,base,7,3.107712,8.246209,187.469995,3.434079,0.004355,0.053218,,324,77
13,4,LOPAMM,8,65.548802,36.008295,1181.627375,4559.599120,0.008139,0.070572,,870,77
13,4,ind,8,380.947771,474.650345,3037.000665,393.034165,0.053719,0.188462,,870,77
13,4,base,8,8.963377,15.771639,207.553913,9.003860,0.004595,0.053424,,336,77
13,4,LOPAMM,9,79.358425,54.220642,1209.208617,4361.062475,0.011145,0.087644,,794,77
13,4,ind,9,174.901821,291.577877,2663.688365,266.756735,0.047391,0.185461,,794,77
13,4,base,9,4.268536,12.794776,245.976213,5.769450,0.007041,0.069029,,324,77
13,4,LOPAMM,10,74.633772,34.224907,1270.343468,8508.657549,0.008721,0.073812,,778,77
13,4,ind,10,487.052261,341.235788,2818.127816,427.892595,0.047179,0.175404,,778,77
13,4,base,10,23.080063,23.465175,273.396154,23.626997,0.005601,0.060045,,324,77
13,4,LOPAMM,11,49.128979,35.084146,998.168759,2484.723000,0.008773,0.075935,,820,77
13,4,ind,11,82.268359,228.572858,2224.043007,178.201749,0.033632,0.155205,,820,77
13,4,base,11,3.811987,8.406322,177.115187,3.475763,0.004287,0.049988,,331,77
13,4,LOPAMM,12,60.685934,38.698390,995.427834,5284.336082,0.009611,0.078890,,738,77
13,4,ind,12,218.511619,294.142161,2171.745579,269.791668,0.036435,0.158396,,738,77
13,4,base,12,7.658578,14.332063,207.278522,10.540670,0.005227,0.054897,,318,77
13,4,LOPAMM,13,65.296950,34.494488,1390.275926,4141.059959,0.009933,0.082887,,834,77
13,4,ind,13,296.121059,428.094533,3432.874041,407.899087,0.056458,0.203155,,834,77
13,4,base,13,6.795278,11.874946,248.928048,8.563707,0.005788,0.063429,,333,77
13,4,LOPAMM,14,48.039113,32.810842,917.586377,5063.551464,0.008855,0.075618,,738,77
13,4,ind,14,307.238730,316.428643,2113.101054,261.686076,0.036936,0.157616,,738,77
13,4,base,14,10.923087,16.804362,189.900179,10.266716,0.004687,0.053508,,310,77
13,4,LOPAMM,15,64.698525,32.337199,1350.856137,3034.034352,0.009053,0.079296,,912,77
13,4,ind,15,134.447655,413.976890,3082.627260,314.020550,0.047931,0.188044,,912,77
13,4,base,15,2.969638,9.567256,205.417288,3.398809,0.004370,0.054571,,347,77
13,4,LOPAMM,16,46.403431,27.401198,1217.468508,6591.663533,0.006539,0.059966,,920,77
13,4,ind,16,465.607517,489.082093,3471.135975,516.598868,0.055229,0.193487,,920,77
13,4,base,16,16.960497,20.702851,255.031787,19.974317,0.005669,0.055311,,347,77
13,4,LOPAMM,17,61.125173,28.780025,1554.881243,8012.649311,0.009038,0.070592,,814,77
13,4,ind,17,495.839724,779.945559,3880.240924,723.750006,0.071866,0.217097,,814,77
13,4,base,17,16.540490,31.162028,288.782907,21.742124,0.006111,0.062611,,323,77
13,4,LOPAMM,18,37.419212,32.991738,857.377192,2684.378191,0.008355,0.072170,,800,77
13,4,ind,18,123.129131,196.984330,1875.939665,167.040709,0.028378,0.138777,,800,77
13,4,base,18,4.412788,10.815814,143.209796,5.096291,0.002804,0.040109,,327,77
13,4,LOPAMM,19,45.566236,27.898387,989.221263,5103.263286,0.007802,0.069198,,760,77
13,4,ind,19,318.702167,461.782224,2253.963833,317.241042,0.040421,0.162059,,760,77
13,4,base,19,12.865005,22.177251,188.629066,13.697841,0.004255,0.049041,,316,77
13,4,LOPAMM,20,37.012209,26.140094,932.995769,2909.334548,0.007107,0.062766,,920,77
13,4,ind,20,146.511491,290.461441,2341.019686,215.317659,0.032504,0.145242,,920,77
13,4,base,20,7.044764,11.849595,160.415630,5.692997,0.003532,0.041463,,351,77
13,4,LOPAMM,21,35.067863,26.868941,971.885248,2536.113696,0.006562,0.062615,,990,77
13,4,ind,21,125.542344,255.882540,2368.125935,176.339665,0.027519,0.136549,,990,77
13,4,base,21,5.207738,10.860412,146.838139,5.775983,0.002668,0.036556,,364,77
13,4,LOPAMM,22,62.554766,28.317115,1094.049315,5676.106495,0.010288,0.078476,,766,77
13,4,ind,22,293.662935,434.046638,2706.717317,337.401332,0.054624,0.185623,,766,77
13,4,base,22,12.430459,22.817176,226.945581,13.926522,0.006501,0.060257,,312,77
13,4,LOPAMM,23,53.563181,32.725921,1298.226636,3698.867997,0.008762,0.076422,,826,77
13,4,ind,23,286.924861,388.650897,3284.131148,338.233490,0.061799,0.213042,,826,77
13,4,base,23,9.257745,13.814233,238.081609,8.903334,0.005404,0.059877,,333,77
13,4,LOPAMM,24,75.514801,41.500808,1231.202754,7342.707905,0.009645,0.074510,,772,77
13,4,ind,24,398.016019,586.919526,3293.315489,517.511729,0.069061,0.216598,,772,77
13,4,base,24,19.861826,27.777388,299.758828,18.468169,0.008788,0.074618,,310,77
13,4,LOPAMM,25,54.185286,24.907906,1305.221401,3752.652439,0.007999,0.068833,,938,77
13,4,ind,25,281.898138,536.962198,2988.514490,428.425409,0.052345,0.183934,,938,77
13,4,base,25,8.877543,17.455094,223.944499,9.246845,0.005131,0.054826,,348,77
13,4,LOPAMM,26,49.262084,28.830172,948.876557,3307.616124,0.007868,0.071284,,808,77
13,4,ind,26,232.047837,202.516187,2039.952588,205.299933,0.029983,0.139393,,808,77
13,4,base,26,7.153801,10.689769,152.145109,6.815073,0.003033,0.041340,,332,77
13,4,LOPAMM,27,29.376581,24.693356,1106.300750,2897.369768,0.007677,0.072292,,868,77
13,4,ind,27,196.524941,318.079622,2815.352866,243.905668,0.040288,0.174746,,868,77
13,4,base,27,5.678884,10.509319,203.854883,6.185570,0.004789,0.053494,,337,77
13,4,LOPAMM,28,79.699358,41.857746,1140.681797,3979.727020,0.011278,0.088626,,738,77
13,4,ind,28,80.350024,351.752761,2734.322081,304.874833,0.057925,0.204233,,738,77
13,4,base,28,4.779783,9.940377,244.120353,4.817196,0.007232,0.070583,,311,77
13,4,LOPAMM,29,68.915641,36.362071,1066.808201,5909.771767,0.008648,0.072462,,838,77
13,4,ind,29,156.719157,249.923716,2664.980332,279.343169,0.048916,0.183728,,838,77
13,4,base,29,16.664151,24.032604,215.707946,15.234514,0.005104,0.054147,,332,77
13,4,LOPAMM,30,120.934459,48.672278,1414.820054,11658.049897,0.009708,0.075497,,918,77
13,4,ind,30,796.519825,701.109630,3269.617404,608.561670,0.054268,0.183172,,918,77
13,4,base,30,27.627512,39.576358,256.493775,26.828855,0.004676,0.054949,,349,77
13,4,LOPAMM,31,70.324762,46.530208,1166.124625,5050.438877,0.009515,0.077046,,848,77
13,4,ind,31,258.312554,325.820578,2644.839467,290.713514,0.043836,0.172059,,848,77
13,4,base,31,11.623788,18.311294,200.932531,11.084603,0.004396,0.050957,,335,77
13,4,LOPAMM,32,58.550136,35.451378,1155.541582,5938.557352,0.007264,0.067268,,836,77
13,4,ind,32,398.187177,500.514367,3015.538886,433.600558,0.047955,0.183040,,836,77
13,4,base,32,14.467927,20.307642,219.980149,13.766880,0.004592,0.052218,,328,77
13,4,LOPAMM,33,45.676882,35.887221,846.238704,1664.612793,0.006260,0.059643,,920,77
13,4,ind,33,105.497564,267.567693,1880.839145,145.339011,0.020026,0.114878,,920,77
13,4,base,33,1.667440,6.069496,111.225287,1.736895,0.001668,0.030306,,352,77
13,4,LOPAMM,34,80.445880,33.423959,1621.058324,11669.534290,0.010382,0.078686,,858,77
13,4,ind,34,654.093551,600.559988,4423.665710,730.110363,0.092871,0.243418,,858,77
13,4,base,34,33.275301,33.097766,378.612869,34.297529,0.008748,0.070508,,337,77
13,4,LOPAMM,35,59.059141,23.920816,1362.181207,6591.607084,0.008031,0.070121,,898,77
13,4,ind,35,561.275666,722.881653,3690.655323,576.890286,0.060198,0.202283,,898,77
13,4,base,35,17.554014,27.284880,263.791684,18.119405,0.005317,0.058408,,341,77
13,4,LOPAMM,36,61.915557,31.713511,1384.571156,8344.218004,0.010064,0.077431,,806,77
13,4,ind,36,574.748404,599.033974,3704.555339,636.276776,0.078174,0.223285,,806,77
13,4,base,36,22.477620,24.501749,310.579966,23.748841,0.007568,0.067111,,328,77
13,4,LOPAMM,37,72.462523,29.043614,1375.135092,3864.110646,0.009634,0.076995,,898,77
13,4,ind,37,208.813274,421.021361,3245.188115,321.109323,0.056091,0.193020,,898,77
13,4,base,37,9.070621,13.157405,236.867675,9.024555,0.006224,0.057999,,340,77
13,4,LOPAMM,38,91.110037,40.748391,1200.088502,11896.934316,0.008478,0.071218,,840,77
13,4,ind,38,763.334786,596.824128,2898.735096,497.309804,0.048974,0.181595,,840,77
13,4,base,38,33.516699,40.560275,240.595899,32.643027,0.004575,0.051125,,328,77
13,4,LOPAMM,39,59.715898,39.044279,1255.182199,5880.653838,0.009253,0.073323,,838,77
13,4,ind,39,373.002076,322.444822,3172.047914,398.477032,0.051752,0.177455,,838,77
13,4,base,39,10.429191,13.901215,197.317444,12.319901,0.004148,0.048427,,334,77
14,4,LOPAMM,0,67.671535,37.629582,1255.170462,3513.773361,0.010019,0.082993,,846,82
14,4,ind,0,146.706612,246.896598,2807.086392,218.625509,0.046927,0.184316,,846,82
14,4,base,0,4.191945,9.437156,229.625561,3.712943,0.005934,0.060249,,345,82
14,4,LOPAMM,1,120.039887,41.613633,1877.265327,16907.854052,0.010997,0.075539,,878,82
14,4,ind,1,1033.178762,991.270541,4422.285718,982.420834,0.096227,0.236615,,878,82
14,4,base,1,35.886207,41.725231,371.934676,37.868874,0.007018,0.059239,,353,82
14,4,LOPAMM,2,46.203809,28.454653,957.763953,3625.232898,0.007324,0.063036,,902,82
14,4,ind,2,113.618328,287.038839,2382.097250,191.963250,0.034815,0.147422,,902,82
14,4,base,2,6.815861,13.017377,190.884583,6.721570,0.004483,0.046847,,358,82
14,4,LOPAMM,3,85.472796,31.823410,1364.192043,7364.937374,0.010366,0.073741,,954,82
14,4,ind,3,264.461001,455.949059,3352.501307,458.556568,0.056470,0.193274,,954,82
14,4,base,3,15.520881,18.825926,290.469839,14.086631,0.008730,0.064474,,362,82
14,4,LOPAMM,4,113.201270,39.975552,1827.372912,21196.977365,0.009861,0.072086,,838,82
14,4,ind,4,1319.295189,1033.808595,4409.673965,1140.457212,0.089186,0.243378,,838,82
14,4,base,4,47.581657,51.538718,401.197314,48.974852,0.006693,0.063885,,344,82
14,4,LOPAMM,5,69.002028,30.993454,1204.908327,5533.455733,0.008412,0.073078,,910,82
14,4,ind,5,353.080283,576.510483,2729.209519,408.456974,0.044917,0.170900,,910,82
14,4,base,5,13.398272,19.504466,228.089887,11.319276,0.004907,0.053591,,361,82
14,4,LOPAMM,6,74.653190,41.518919,1253.753450,6420.682688,0.008561,0.070589,,978,82
14,4,ind,6,265.760709,429.752789,2803.622349,347.718139,0.037057,0.154071,,978,82
14,4,base,6,6.560689,22.562211,191.907963,9.860161,0.004181,0.044110,,374,82
14,4,LOPAMM,7,83.079587,46.692118,1475.878113,8458.452091,0.011537,0.086564,,816,82
14,4,ind,7,203.394879,719.651137,3645.517267,555.103786,0.081045,0.221356,,816,82
14,4,base,7,8.672955,25.613859,318.137549,15.990866,0.007325,0.068890,,347,82
14,4,LOPAMM,8,55.059960,31.977772,1089.549851,5280.974569,0.007338,0.068364,,914,82
14,4,ind,8,292.013364,444.496768,2674.680529,332.699623,0.037392,0.156714,,914,82
14,4,base,8,9.577222,17.421527,186.871815,9.429436,0.003369,0.045359,,361,82
14,4,LOPAMM,9,57.105288,35.255029,1238.241890,3829.243668,0.008985,0.076077,,934,82
14,4,ind,9,116.236342,276.970739,2788.161191,238.444080,0.041141,0.165665,,934,82
14,4,base,9,2.908677,11.659388,230.685039,4.832370,0.005791,0.058835,,363,82
14,4,LOPAMM,10,74.652231,36.554978,1341.963179,8722.299247,0.008675,0.069807,,810,82
14,4,ind,10,399.679405,684.416463,3499.930548,522.099278,0.067880,0.205303,,810,82
14,4,base,10,12.641666,29.107640,265.328760,17.372672,0.005588,0.059752,,334,82
14,4,LOPAMM,11,68.106476,34.329837,1447.072092,3689.206512,0.009356,0.078160,,966,82
14,4,ind,11,180.767217,420.815966,3046.448451,328.274690,0.049886,0.185687,,966,82
14,4,base,11,5.817777,11.749350,245.349576,5.837424,0.004769,0.054807,,374,82
14,4,LOPAMM,12,64.551803,32.796669,1188.521971,3816.670558,0.009014,0.078350,,926,82
14,4,ind,12,146.892917,306.703795,2641.172591,281.905406,0.038231,0.163551,,926,82
14,4,base,12,4.133702,10.565172,233.515782,4.017058,0.005920,0.059985,,356,82
14,4,LOPAMM,13,54.394318,34.497093,1059.998981,6804.481818,0.006946,0.062423,,912,82
14,4,ind,13,349.608961,450.892609,2893.637086,331.742216,0.042383,0.173192,,912,82
14,4,base,13,13.196414,19.383301,203.207282,13.710841,0.005062,0.048297,,352,82
14,4,LOPAMM,14,48.968910,26.268090,1048.010600,3870.096416,0.008099,0.070092,,912,82
14,4,ind,14,139.101731,222.124465,2257.042857,201.056523,0.030528,0.139824,,912,82
14,4,base,14,6.267209,10.944245,180.236217,6.211354,0.004151,0.045076,,362,82
14,4,LOPAMM,15,54.892591,29.469818,1278.162287,6694.651287,0.007001,0.064323,,910,82
14,4,ind,15,484.048868,616.464877,3288.734285,460.842009,0.053575,0.189363,,910,82
14,4,base,15,15.234516,23.125423,242.914781,13.406387,0.005201,0.055588,,355,82
14,4,LOPAMM,16,68.104583,42.351131,1274.438208,10444.540932,0.008045,0.070758,,966,82
14,4,ind,16,454.491710,513.318694,3008.505085,389.801585,0.044620,0.176804,,966,82
14,4,base,16,19.933082,29.343635,271.794922,19.600576,0.005367,0.057511,,370,82
14,4,LOPAMM,17,96.544137,52.837492,1509.286490,14968.248500,0.011189,0.081793,,758,82
14,4,ind,17,652.015426,369.524126,3886.902236,567.287090,0.070885,0.216708,,758,82
14,4,base,17,27.101855,28.960569,315.727175,29.482455,0.007435,0.067273,,325,82
14,4,LOPAMM,18,75.096293,48.364430,1197.272483,10991.662278,0.007624,0.067953,,940,82
14,4,ind,18,555.436748,578.908745,3011.310555,390.789841,0.045972,0.175155,,940,82
14,4,base,18,22.484285,33.941354,246.216126,21.122098,0.005077,0.054891,,363,82
14,4,LOPAMM,19,95.198248,41.539508,1367.620594,16797.806291,0.008839,0.068519,,904,82
14,4,ind,19,887.403386,730.697226,3338.039046,734.541124,0.061510,0.187054,,904,82
14,4,base,19,36.770578,40.393581,305.521535,36.284632,0.005498,0.055285,,363,82
14,4,LOPAMM,20,67.245545,32.876898,1217.838459,12768.976849,0.009192,0.076000,,788,82
14,4,ind,20,609.772431,500.869410,3440.379751,513.911246,0.067839,0.223073,,788,82
14,4,base,20,24.434996,31.195070,300.886551,28.515768,0.006957,0.064861,,330,82
14,4,LOPAMM,21,65.714069,40.205990,1166.400192,11694.322889,0.007986,0.069933,,846,82
14,4,ind,21,528.654034,539.013031,3127.889779,486.770483,0.059843,0.202660,,846,82
14,4,base,21,26.704054,33.152898,254.640572,25.801042,0.006066,0.057274,,345,82
14,4,LOPAMM,22,95.512490,56.736679,1662.868548,5625.857111,0.011337,0.084736,,980,82
14,4,ind,22,153.358644,426.239956,4012.052186,433.222144,0.064138,0.210253,,980,82
14,4,base,22,6.615462,16.312104,275.320217,9.547115,0.007224,0.063719,,371,82
14,4,LOPAMM,23,63.646077,40.998003,1302.627210,9173.738319,0.008531,0.073022,,878,82
14,4,ind,23,481.633873,674.016738,3302.403336,490.771663,0.054270,0.194597,,878,82
14,4,base,23,15.428562,28.297875,236.124042,17.794549,0.004308,0.053624,,348,82
14,4,LOPAMM,24,81.419653,47.692101,1252.086917,5735.666045,0.009687,0.081046,,948,82
14,4,ind,24,125.365628,272.194707,2977.323293,249.457814,0.040973,0.172091,,948,82
14,4,base,24,6.024616,13.626284,218.337953,4.886547,0.005089,0.055206,,369,82
14,4,LOPAMM,25,53.844290,22.840142,1195.671688,8795.990536,0.009745,0.079543,,830,82
14,4,ind,25,265.606801,371.773955,2910.663992,355.714332,0.050319,0.186480,,830,82
14,4,base,25,16.376685,25.697893,258.373247,17.765669,0.005929,0.061747,,346,82
14,4,LOPAMM,26,112.816254,64.483810,1361.153786,9959.832503,0.010236,0.081701,,982,82
14,4,ind,26,469.891584,645.025063,2948.571820,388.853452,0.042841,0.174767,,982,82
14,4,base,26,16.765782,32.732472,249.676446,13.965831,0.005842,0.057672,,375,82
14,4,LOPAMM,27,49.682360,31.280637,1118.924469,8630.789281,0.008089,0.069521,,904,82
14,4,ind,27,382.386891,430.037888,2819.559149,372.488876,0.041911,0.166854,,904,82
14,4,base,27,14.697184,23.806776,217.637305,17.248792,0.004365,0.049269,,361,82
14,4,LOPAMM,28,60.213341,35.515143,1019.806028,5957.794848,0.007968,0.070202,,872,82
14,4,ind,28,227.504348,398.018712,2515.021812,312.439541,0.038501,0.163010,,872,82
14,4,base,28,7.683456,16.553343,214.173282,11.828823,0.004938,0.051022,,354,82
14,4,LOPAMM,29,66.992679,36.901670,1392.527762,6587.638472,0.008636,0.074814,,908,82
14,4,ind,29,429.317141,618.283976,3336.458609,486.028553,0.054767,0.183702,,908,82
14,4,base,29,12.851843,20.496531,244.880441,12.365489,0.004310,0.054907,,364,82
14,4,LOPAMM,30,43.026608,29.188514,1020.361847,4252.201225,0.007796,0.069098,,850,82
14,4,ind,30,214.612739,331.768697,2652.343071,266.616255,0.039354,0.170113,,850,82
14,4,base,30,7.466746,11.666309,190.411561,6.951359,0.004467,0.048855,,348,82
14,4,LOPAMM,31,39.883636,26.114886,1065.369381,3906.128594,0.006803,0.063245,,980,82
14,4,ind,31,176.682188,287.771973,2801.702588,219.988501,0.035760,0.156584,,980,82
14,4,base,31,7.269540,13.410899,187.970775,7.724986,0.003661,0.044587,,371,82
14,4,LOPAMM,32,53.860502,38.571223,1215.992914,4473.282941,0.007629,0.070334,,928,82
14,4,ind,32,255.826064,544.968288,3159.578792,386.541966,0.049255,0.180876,,928,82
14,4,base,32,6.708454,17.868323,235.879866,7.887093,0.005183,0.054728,,364,82
14,4,LOPAMM,33,72.724158,42.830552,1104.401373,7053.773387,0.009356,0.077970,,832,82
14,4,ind,33,152.026185,320.484750,2798.248045,276.279346,0.045352,0.185985,,832,82
14,4,base,33,13.773003,22.336037,232.757320,12.001314,0.005837,0.057609,,346,82
14,4,LOPAMM,34,44.752527,26.457208,1199.122235,6955.441702,0.008146,0.072797,,904,82
14,4,ind,34,270.264226,325.966981,3160.523464,329.027892,0.043225,0.180610,,904,82
14,4,base,34,14.628667,16.353206,262.426144,15.429016,0.006380,0.062597,,352,82
14,4,LOPAMM,35,76.302203,59.181919,1361.145493,5430.194447,0.009663,0.077126,,866,82
14,4,ind,35,198.967266,535.300332,3385.967185,425.966013,0.059324,0.198508,,866,82
14,4,base,35,5.809002,18.201832,262.499686,8.562599,0.006505,0.064969,,346,82
14,4,LOPAMM,36,70.632909,35.517794,1546.048151,5304.266034,0.010549,0.086815,,938,82
14,4,ind,36,303.913011,468.113353,3895.324117,386.794076,0.063503,0.217597,,938,82
14,4,base,36,8.617020,16.698027,290.661200,7.710127,0.007553,0.069920,,358,82
14,4,LOPAMM,37,111.962490,46.485978,1601.033251,16156.476381,0.012224,0.083006,,788,82
14,4,ind,37,667.115230,519.127504,4344.464409,878.067700,0.107960,0.273899,,788,82
14,4,base,37,40.705391,32.657390,382.542656,36.987419,0.010591,0.078215,,330,82
14,4,LOPAMM,38,74.546612,44.885527,1069.698656,6690.892723,0.009626,0.078248,,792,82
14,4,ind,38,209.872033,296.127845,2417.022060,236.291647,0.042277,0.168681,,792,82
14,4,base,38,13.451737,21.018231,238.988898,11.802798,0.005855,0.060596,,336,82
14,4,LOPAMM,39,168.220699,28.369207,2075.230493,29900.374205,0.012188,0.069785,,814,82
14,4,ind,39,1546.793726,516.546575,4993.754368,1311.831163,0.132734,0.258245,,814,82
14,4,base,39,81.072970,35.708898,545.524837,75.746436,0.009999,0.064674,,341,82
15,4,LOPAMM,0,124.996815,40.996592,1819.969033,28528.067054,0.009372,0.066470,,950,88
15,4,ind,0,1369.961123,968.546894,5398.200166,1190.046403,0.108276,0.258862,,950,88
15,4,base,0,55.612953,47.594920,431.432189,55.580027,0.008519,0.062793,,373,88
15,4,LOPAMM,1,55.808474,32.723084,1149.463235,4964.515604,0.007730,0.067542,,1018,88
15,4,ind,1,205.612913,486.231682,2743.358325,282.115023,0.034573,0.151011,,1018,88
15,4,base,1,5.429101,14.645645,171.024465,5.930214,0.002696,0.039114,,391,88
15,4,LOPAMM,2,75.699343,38.506177,1203.735075,7213.530835,0.009464,0.076774,,928,88
15,4,ind,2,103.449649,273.868417,2926.776118,297.702270,0.047883,0.183448,,928,88
15,4,base,2,11.024651,17.038653,251.211359,9.303532,0.005808,0.058031,,381,88
15,4,LOPAMM,3,62.106798,38.879782,1356.295427,4730.562745,0.008559,0.072423,,1094,88
15,4,ind,3,131.815627,236.029919,2914.754507,235.119742,0.034261,0.149578,,1094,88
15,4,base,3,4.309420,10.801840,199.509072,5.146456,0.003555,0.044648,,411,88
15,4,LOPAMM,4,95.454700,43.568561,1785.961270,7480.953795,0.010461,0.081564,,998,88
15,4,ind,4,270.843199,483.121524,3979.496649,487.859914,0.064031,0.208975,,998,88
15,4,base,4,11.374486,16.095113,315.637085,9.555023,0.006641,0.065260,,387,88
15,4,LOPAMM,5,110.915669,47.290957,1674.815417,11705.735327,0.009241,0.072365,,1034,88
15,4,ind,5,575.390222,940.682287,4110.007552,726.750152,0.070297,0.209576,,1034,88
15,4,base,5,17.305456,29.740974,308.776298,18.193396,0.006256,0.058629,,396,88
15,4,LOPAMM,6,53.800040,27.565579,1220.260622,5391.870352,0.008119,0.073568,,934,88
15,4,ind,6,148.256115,320.503281,2833.695474,273.704897,0.040110,0.173397,,934,88
15,4,base,6,6.760191,12.268897,241.958413,6.403039,0.005043,0.057184,,377,88
15,4,LOPAMM,7,45.643193,36.282714,865.412294,3327.278667,0.006909,0.062887,,930,88
15,4,ind,7,79.089145,206.086874,2110.659127,155.498968,0.027552,0.137118,,930,88
15,4,base,7,3.743441,8.732728,170.826820,4.458901,0.003514,0.042706,,373,88
15,4,LOPAMM,8,93.887126,56.029657,1421.479280,8774.792859,0.009120,0.078602,,982,88
15,4,ind,8,407.076874,413.266908,3391.399880,389.288288,0.048627,0.184187,,982,88
15,4,base,8,10.334556,18.518389,260.099257,9.795099,0.005209,0.059964,,382,88
15,4,LOPAMM,9,79.525423,34.786417,1335.909063,10258.137251,0.010914,0.080774,,902,88
15,4,ind,9,248.646688,483.272557,3249.104006,430.143700,0.062896,0.204376,,902,88
15,4,base,9,11.471571,22.589209,327.201280,15.650267,0.009030,0.071378,,371,88
15,4,LOPAMM,10,56.651770,28.954109,1256.425513,8038.863113,0.008330,0.073942,,910,88
15,4,ind,10,372.660364,408.318008,3015.820243,362.239022,0.041457,0.169077,,910,88
15,4,base,10,14.038602,20.371247,248.150011,13.193277,0.005210,0.057397,,371,88
15,4,LOPAMM,11,86.291883,34.166410,1378.166676,14616.262811,0.008920,0.073489,,914,88
15,4,ind,11,583.196150,626.097688,3328.029332,610.946256,0.061073,0.197018,,914,88
15,4,base,11,25.209290,33.627260,278.971841,25.808815,0.004733,0.053763,,376,88
15,4,LOPAMM,12,59.569703,33.256966,1218.271932,7060.755751,0.009203,0.076897,,882,88
15,4,ind,12,221.541039,386.148583,2595.319588,336.831608,0.042869,0.163410,,882,88
15,4,base,12,10.822721,18.260777,238.280623,10.651627,0.004683,0.052616,,375,88
15,4,LOPAMM,13,63.395085,31.089865,1448.535807,8067.918535,0.008466,0.074818,,1010,88
15,4,ind,13,330.914378,670.073898,3436.179552,453.685562,0.050023,0.184883,,1010,88
15,4,base,13,9.256889,23.191654,247.935488,12.563115,0.004155,0.053093,,394,88
15,4,LOPAMM,14,69.270166,35.032273,1196.570981,10874.942837,0.009710,0.080491,,850,88
15,4,ind,14,424.199704,517.153539,3138.038099,453.236060,0.056929,0.192387,,850,88
15,4,base,14,15.369493,22.187222,256.597466,17.241368,0.006011,0.059461,,356,88
15,4,LOPAMM,15,53.235692,30.383906,1031.414042,3033.735492,0.007038,0.065175,,1022,88
15,4,ind,15,-16.257926,175.740496,2415.656760,178.955098,0.027630,0.143777,,1022,88
15,4,base,15,2.851661,6.599256,172.280277,2.494091,0.003297,0.041334,,396,88
15,4,LOPAMM,16,47.238337,31.735079,1123.838398,6652.617086,0.006602,0.061065,,1024,88
15,4,ind,16,334.949377,384.782882,3226.225087,339.041378,0.040595,0.172704,,1024,88
15,4,base,16,9.846124,11.849446,237.537494,10.568126,0.005124,0.052103,,392,88
15,4,LOPAMM,17,88.468065,47.224279,1754.216698,10252.317514,0.009402,0.076174,,972,88
15,4,ind,17,301.191104,776.154669,4733.324180,805.631236,0.080245,0.236349,,972,88
15,4,base,17,7.338555,17.808022,336.058093,14.273939,0.006422,0.067376,,382,88
15,4,LOPAMM,18,132.843344,48.123506,1509.485228,28649.117994,0.010180,0.073419,,920,88
15,4,ind,18,991.587330,702.027687,3426.875036,711.898710,0.066456,0.202668,,920,88
15,4,base,18,50.411463,55.846601,401.326619,51.087657,0.007316,0.061174,,376,88
15,4,LOPAMM,19,62.628317,43.479315,1015.311858,5596.945125,0.007219,0.066191,,940,88
15,4,ind,19,183.578635,332.758585,2353.144840,248.117482,0.029293,0.144980,,940,88
15,4,base,19,4.889070,12.246010,190.420914,6.665060,0.003703,0.045735,,377,88
15,4,LOPAMM,20,56.969737,37.694059,1211.653739,13496.823844,0.007195,0.063777,,986,88
15,4,ind,20,661.951162,669.694050,3584.676827,604.620457,0.059121,0.193022,,986,88
15,4,base,20,26.164568,30.011096,269.691954,24.892051,0.004682,0.051097,,390,88
15,4,LOPAMM,21,61.517407,35.649256,1225.543809,7496.561279,0.006751,0.064237,,1096,88
15,4,ind,21,315.953813,387.912400,3134.624734,333.106643,0.034007,0.152771,,1096,88
15,4,base,21,11.612459,16.736082,217.108894,11.741281,0.003345,0.044753,,413,88
15,4,LOPAMM,22,60.635072,32.177792,1298.370251,6673.349751,0.010065,0.079836,,894,88
15,4,ind,22,210.827158,442.788504,3241.904395,377.744743,0.060698,0.208092,,894,88
15,4,base,22,9.147486,14.570717,288.079849,8.773871,0.007898,0.068865,,363,88
15,4,LOPAMM,23,82.322338,37.740819,1731.520043,15681.606801,0.008725,0.069385,,1008,88
15,4,ind,23,910.512107,682.432375,4784.960906,804.014547,0.071095,0.217416,,1008,88
15,4,base,23,29.293332,28.134620,308.489834,29.722460,0.005704,0.055130,,395,88
15,4,LOPAMM,24,67.008951,27.288794,1329.434279,7363.979658,0.009927,0.076879,,890,88
15,4,ind,24,164.201173,462.434055,3542.068999,436.973992,0.061872,0.210767,,890,88
15,4,base,24,10.959107,16.401237,320.655991,11.398723,0.008588,0.073085,,361,88
15,4,LOPAMM,25,69.854628,48.211924,1184.434697,9542.752343,0.006633,0.063240,,1098,88
15,4,ind,25,402.896024,410.221097,2914.138791,322.041305,0.033892,0.151085,,1098,88
15,4,base,25,15.973036,21.360828,216.115399,14.380155,0.003895,0.046015,,405,88
15,4,LOPAMM,26,59.596308,35.254495,1089.946310,9105.484304,0.008122,0.073964,,908,88
15,4,ind,26,301.030629,383.729558,2601.263225,323.331871,0.039154,0.159801,,908,88
15,4,base,26,15.592951,21.887324,211.067376,14.593906,0.003416,0.047503,,377,88
15,4,LOPAMM,27,109.468044,45.261248,1574.521350,21060.099634,0.008468,0.067671,,1004,88
15,4,ind,27,987.671754,686.205185,4005.665324,756.341390,0.063281,0.202259,,1004,88
15,4,base,27,39.023858,38.205613,324.446631,36.712452,0.006126,0.057153,,388,88
15,4,LOPAMM,28,54.055653,34.266878,1205.419554,8320.298836,0.009182,0.077763,,862,88
15,4,ind,28,348.743107,436.124861,2916.713275,335.371140,0.048339,0.188790,,862,88
15,4,base,28,13.956885,19.420039,271.495352,13.901893,0.006423,0.064067,,361,88
15,4,LOPAMM,29,75.165498,38.408766,1290.781349,6171.402011,0.007504,0.068184,,982,88
15,4,ind,29,330.219042,445.836601,2983.371789,316.453666,0.036855,0.159319,,982,88
15,4,base,29,9.375534,15.638614,198.285686,6.866613,0.003589,0.045492,,388,88
15,4,LOPAMM,30,59.349111,43.587286,1067.687199,9759.184980,0.006903,0.062883,,982,88
15,4,ind,30,297.160983,532.080347,2535.741736,310.219902,0.032902,0.148034,,982,88
15,4,base,30,12.528869,27.120871,205.196040,14.678915,0.003593,0.044877,,385,88
15,4,LOPAMM,31,67.281251,41.819079,1256.262748,10029.268036,0.008768,0.075593,,936,88
15,4,ind,31,329.783066,413.932971,2966.110934,323.769406,0.039419,0.167660,,936,88
15,4,base,31,16.567391,24.068454,235.775861,15.101093,0.004466,0.052375,,378,88
15,4,LOPAMM,32,71.434478,44.934027,1173.220387,7696.718374,0.009360,0.076367,,948,88
15,4,ind,32,10.875690,190.616761,2829.574473,241.840181,0.041845,0.165390,,948,88
15,4,base,32,7.561370,15.914055,249.558191,7.323615,0.006695,0.060039,,375,88
15,4,LOPAMM,33,44.653991,31.115940,891.467779,5072.383162,0.005744,0.055957,,1038,88
15,4,ind,33,202.618992,354.501751,2004.396646,177.653530,0.019715,0.112350,,1038,88
15,4,base,33,8.134182,16.117167,146.521113,7.192345,0.001978,0.033427,,400,88
15,4,LOPAMM,34,98.647519,33.590798,1969.811675,26744.201583,0.007509,0.059833,,1022,88
15,4,ind,34,1620.897099,1139.067471,6280.729297,1450.195393,0.109871,0.253434,,1022,88
15,4,base,34,50.183367,44.212036,438.976910,52.996219,0.005889,0.054613,,394,88
15,4,LOPAMM,35,91.787244,52.682348,1552.302864,11977.296129,0.010575,0.082097,,976,88
15,4,ind,35,383.931797,519.973055,3887.486056,586.249726,0.060862,0.207029,,976,88
15,4,base,35,13.049567,18.308723,313.664390,15.947979,0.007553,0.067691,,382,88
15,4,LOPAMM,36,52.522484,31.900095,1358.724684,8127.534074,0.008754,0.069083,,936,88
15,4,ind,36,399.156636,500.565234,3926.285723,565.755803,0.064790,0.191520,,936,88
15,4,base,36,14.289630,16.094107,250.995712,13.992409,0.004772,0.051264,,379,88
15,4,LOPAMM,37,79.643433,40.093650,1638.570259,12820.152016,0.009341,0.076727,,986,88
15,4,ind,37,493.758832,529.852786,4217.346898,545.927593,0.061337,0.204735,,986,88
15,4,base,37,20.401657,25.182238,296.575338,20.041875,0.006387,0.061672,,382,88
15,4,LOPAMM,38,92.599004,47.969394,1418.697254,9649.407589,0.008830,0.075332,,930,88
15,4,ind,38,599.484910,716.850998,3481.526107,497.077706,0.050299,0.189885,,930,88
15,4,base,38,15.585554,22.944403,256.968675,13.441202,0.004704,0.055349,,373,88
15,4,LOPAMM,39,61.270988,43.227980,1107.084426,8752.814273,0.007696,0.065643,,966,88
15,4,ind,39,249.108853,286.106451,2792.510155,285.585305,0.037476,0.153589,,966,88
15,4,base,39,10.151021,17.075892,213.982817,11.774055,0.004492,0.046786,,385,88
16,4,LOPAMM,0,86.677956,55.193682,1526.116570,11361.937611,0.010856,0.084950,,960,94
16,4,ind,0,222.877311,455.096210,3551.287912,425.592485,0.059392,0.203613,,960,94
16,4,base,0,11.675739,15.635773,294.973212,13.084437,0.006672,0.062891,,395,94
16,4,LOPAMM,1,84.399799,44.542763,1458.316240,8363.270451,0.009479,0.077541,,1010,94
16,4,ind,1,220.562919,639.368927,3438.945844,433.068401,0.047221,0.185536,,1010,94
16,4,base,1,6.775236,20.444086,261.012493,8.358425,0.005564,0.055877,,403,94
16,4,LOPAMM,2,73.651797,38.940018,1240.596617,10031.361275,0.007248,0.068511,,1060,94
16,4,ind,2,343.915301,446.874233,2956.538096,311.820622,0.036672,0.163169,,1060,94
16,4,base,2,12.607000,23.225112,223.940119,11.432483,0.003667,0.047340,,416,94
16,4,LOPAMM,3,160.401178,59.964877,1946.006259,31421.193407,0.013629,0.093828,,952,94
16,4,ind,3,914.996200,764.044324,4655.432365,818.683643,0.097283,0.256454,,952,94
16,4,base,3,42.058147,57.204616,426.621265,43.072284,0.009088,0.075248,,400,94
16,4,LOPAMM,4,98.313526,33.249550,1816.101081,16434.494061,0.011362,0.084110,,1040,94
16,4,ind,4,458.252582,506.103203,4149.913090,525.564292,0.071758,0.224417,,1040,94
16,4,base,4,21.116200,27.553988,392.240413,22.804387,0.008676,0.073136,,413,94
16,4,LOPAMM,5,51.791196,32.553049,1166.281413,9217.938253,0.008918,0.074887,,870,94
16,4,ind,5,303.830989,366.164858,2972.704348,326.361990,0.046520,0.179423,,870,94
16,4,base,5,12.767350,15.959163,234.448562,12.312544,0.005465,0.053743,,379,94
16,4,LOPAMM,6,112.391768,53.849487,1629.016999,13099.936488,0.010482,0.084390,,1022,94
16,4,ind,6,435.754379,499.942338,3549.382811,431.624124,0.044867,0.176286,,1022,94
16,4,base,6,11.123270,19.876642,252.017653,10.909526,0.004589,0.054457,,414,94
16,4,LOPAMM,7,103.044931,41.504226,1523.894601,20934.479457,0.010019,0.080405,,956,94
16,4,ind,7,551.501855,508.804235,3982.038983,540.981427,0.065153,0.225656,,956,94
16,4,base,7,24.938007,36.636284,331.418293,27.320463,0.006712,0.066964,,394,94
16,4,LOPAMM,8,104.812518,45.908489,1347.121671,26423.156251,0.008162,0.069280,,1006,94
16,4,ind,8,911.081880,580.038974,3515.992452,593.147948,0.050564,0.179784,,1006,94
16,4,base,8,44.630810,38.704858,312.176301,37.562614,0.005530,0.054888,,409,94
16,4,LOPAMM,9,95.109127,41.152755,1723.010013,18870.415731,0.011020,0.082936,,918,94
16,4,ind,9,686.907601,690.082732,4610.990421,722.415018,0.069759,0.228201,,918,94
16,4,base,9,24.731982,29.289762,363.349341,24.412494,0.008534,0.072627,,387,94
16,4,LOPAMM,10,105.459125,46.150400,1811.392594,17391.750251,0.010054,0.083404,,1072,94
16,4,ind,10,663.719375,758.400102,4379.376708,594.756781,0.062543,0.215265,,1072,94
16,4,base,10,25.364154,35.108882,345.787821,22.396936,0.006777,0.066994,,420,94
16,4,LOPAMM,11,46.357297,32.117258,1150.758928,5434.492706,0.009107,0.080322,,924,94
16,4,ind,11,81.925235,331.034104,2628.618358,197.687098,0.036288,0.163695,,924,94
16,4,base,11,3.756615,12.359700,216.146684,4.996216,0.004195,0.052283,,388,94
16,4,LOPAMM,12,54.267537,33.141907,1137.426697,8100.215668,0.008603,0.074320,,896,94
16,4,ind,12,240.761060,337.860533,2789.580137,330.905518,0.041466,0.169616,,896,94
16,4,base,12,7.813381,11.950045,225.518444,8.804779,0.004776,0.051290,,386,94
16,4,LOPAMM,13,69.260385,54.233340,1148.359316,9392.215520,0.007725,0.066746,,1010,94
16,4,ind,13,244.039634,385.740586,2895.138751,298.807892,0.039502,0.162946,,1010,94
16,4,base,13,10.295801,19.162219,206.914873,9.436447,0.003890,0.045565,,406,94
16,4,LOPAMM,14,66.002270,40.572526,1431.829525,8384.047739,0.009249,0.076524,,1030,94
16,4,ind,14,303.203556,420.504481,3380.680941,364.383013,0.045375,0.177457,,1030,94
16,4,base,14,9.485645,16.887834,261.111616,8.862100,0.005997,0.057117,,403,94
16,4,LOPAMM,15,78.701138,40.107986,1631.340760,12135.770546,0.008847,0.075014,,1128,94
16,4,ind,15,559.132981,723.206199,3909.373848,550.805094,0.050308,0.182533,,1128,94
16,4,base,15,14.716771,24.366274,256.377136,14.850721,0.003768,0.050047,,431,94
16,4,LOPAMM,16,63.216563,43.092608,1345.073844,15463.958077,0.008794,0.075700,,926,94
16,4,ind,16,568.673655,769.907386,3445.738149,570.207515,0.059049,0.205691,,926,94
16,4,base,16,22.342735,29.426887,326.689323,23.096253,0.006248,0.063328,,388,94
16,4,LOPAMM,17,88.345749,41.327684,1507.837982,11978.287098,0.010535,0.083575,,1008,94
16,4,ind,17,362.383596,504.193564,3401.082883,433.550558,0.048647,0.186954,,1008,94
16,4,base,17,13.380292,23.617004,305.325644,13.241092,0.006068,0.063526,,407,94
16,4,LOPAMM,18,71.500600,43.032374,1215.389779,7684.732646,0.007989,0.067669,,968,94
16,4,ind,18,216.852780,539.235473,2949.838871,403.879836,0.039440,0.162665,,968,94
16,4,base,18,7.806353,13.861631,248.182738,8.241764,0.005200,0.052861,,395,94
16,4,LOPAMM,19,76.840977,54.752326,1360.882606,10437.008091,0.007719,0.064809,,1042,94
16,4,ind,19,464.205252,573.205331,3471.353940,463.856137,0.047043,0.162176,,1042,94
16,4,base,19,10.285019,18.903842,247.377423,10.951088,0.004784,0.049309,,413,94
16,4,LOPAMM,20,83.619101,43.885309,1589.118969,15257.176640,0.009388,0.076075,,996,94
16,4,ind,20,628.839527,531.129402,4154.763864,604.260612,0.059258,0.198407,,996,94
16,4,base,20,21.064842,20.826409,323.934657,20.395643,0.006383,0.063558,,395,94
16,4,LOPAMM,21,62.353745,31.598267,1355.785906,6965.987711,0.008093,0.073261,,1058,94
16,4,ind,21,195.930692,450.767644,3313.355156,347.200734,0.046095,0.182210,,1058,94
16,4,base,21,6.753085,16.414679,254.698008,9.470315,0.004840,0.053731,,417,94
16,4,LOPAMM,22,115.323505,47.286314,1689.664528,15992.513991,0.012538,0.088806,,1008,94
16,4,ind,22,448.097224,570.115791,4046.466796,541.098497,0.064987,0.212213,,1008,94
16,4,base,22,16.879320,28.238152,291.411680,18.769205,0.006209,0.059950,,406,94
16,4,LOPAMM,23,80.059235,47.641798,1387.072671,11081.294603,0.009641,0.084014,,994,94
16,4,ind,23,235.893788,341.193965,2965.952438,278.874564,0.037373,0.170611,,994,94
16,4,base,23,11.304210,18.548723,270.809178,11.625001,0.005115,0.059942,,407,94
16,4,LOPAMM,24,66.071378,34.621939,1500.203021,6927.254798,0.008452,0.078115,,1072,94
16,4,ind,24,196.457862,459.907968,3682.905344,373.206559,0.045095,0.181831,,1072,94
16,4,base,24,6.542442,14.785457,259.501469,7.017028,0.004456,0.054427,,421,94
16,4,LOPAMM,25,59.105737,35.092662,1396.582491,8855.204705,0.008284,0.074622,,1026,94
16,4,ind,25,182.885735,394.517968,3640.760683,359.430618,0.049395,0.189789,,1026,94
16,4,base,25,6.895237,13.403874,241.404571,10.273414,0.004525,0.052529,,404,94
16,4,LOPAMM,26,64.923859,31.777307,1237.917072,4539.088749,0.006749,0.064155,,1094,94
16,4,ind,26,71.434732,247.525077,2847.011396,262.434772,0.031105,0.143234,,1094,94
16,4,base,26,2.939224,7.857797,186.822317,3.157052,0.002995,0.040661,,422,94
16,4,LOPAMM,27,94.023937,42.996164,1560.290111,16992.485847,0.009434,0.077283,,992,94
16,4,ind,27,537.448752,831.216996,4108.546583,734.568737,0.069575,0.215308,,992,94
16,4,base,27,21.978895,33.885774,313.456298,24.366003,0.005319,0.057274,,409,94
16,4,LOPAMM,28,58.637597,34.197631,1050.140190,8301.974702,0.007361,0.065360,,980,94
16,4,ind,28,213.804561,274.748786,2461.189953,217.532617,0.028801,0.142352,,980,94
16,4,base,28,8.170997,17.033446,184.497260,9.897669,0.003133,0.040291,,408,94
16,4,LOPAMM,29,69.349421,32.429159,1456.803163,6739.410639,0.009049,0.075607,,1080,94
16,4,ind,29,192.851569,427.903426,3882.171994,391.885148,0.056864,0.198079,,1080,94
16,4,base,29,5.449131,13.014011,278.884649,6.007500,0.005579,0.058591,,421,94
16,4,LOPAMM,30,78.475585,40.303684,1386.129096,17097.091456,0.008947,0.073855,,922,94
16,4,ind,30,584.289971,575.878259,3694.859856,563.131599,0.060928,0.204843,,922,94
16,4,base,30,22.055131,27.844835,297.386551,23.025632,0.006313,0.059422,,389,94
16,4,LOPAMM,31,72.745814,49.803471,1344.945462,7324.277391,0.008151,0.074252,,1032,94
16,4,ind,31,277.247391,412.255455,2991.857015,285.633017,0.036795,0.168042,,1032,94
16,4,base,31,8.749998,17.715784,236.002267,7.431352,0.004437,0.051814,,414,94
16,4,LOPAMM,32,46.067252,27.233976,1301.889233,8979.878994,0.008050,0.068045,,1016,94
16,4,ind,32,348.861174,475.279561,3396.986624,429.324427,0.047895,0.171094,,1016,94
16,4,base,32,12.182238,16.097656,215.792766,12.378618,0.003500,0.042727,,413,94
16,4,LOPAMM,33,36.653708,23.884205,924.266037,7786.777862,0.006265,0.056476,,1002,94
16,4,ind,33,261.331407,302.941635,2454.090913,242.206135,0.029217,0.137306,,1002,94
16,4,base,33,12.100026,15.456571,198.692654,11.106668,0.003759,0.041157,,405,94
16,4,LOPAMM,34,64.262741,33.506583,1643.067113,11540.652342,0.007372,0.065147,,1152,94
16,4,ind,34,576.672473,548.491294,4542.377400,590.984580,0.053309,0.181330,,1152,94
16,4,base,34,14.245683,15.743784,277.429146,14.942447,0.005015,0.052018,,431,94
16,4,LOPAMM,35,105.033619,43.926066,1617.292504,18490.029921,0.010522,0.081590,,1022,94
16,4,ind,35,543.780400,487.035977,3862.154740,534.377029,0.059752,0.196692,,1022,94
16,4,base,35,24.176700,33.120618,297.721379,24.206894,0.005129,0.056935,,411,94
16,4,LOPAMM,36,85.524811,48.211874,1418.706916,10079.074009,0.009305,0.075386,,1156,94
16,4,ind,36,249.067034,393.488686,3100.688179,292.604684,0.032216,0.147332,,1156,94
16,4,base,36,7.630585,18.985263,218.480653,9.066078,0.003828,0.046245,,430,94
16,4,LOPAMM,37,101.624519,44.597236,1719.529911,10220.937181,0.012060,0.089158,,984,94
16,4,ind,37,183.743571,295.555788,3821.125118,356.719501,0.060117,0.210098,,984,94
16,4,base,37,11.685677,17.605144,323.818620,11.792196,0.008750,0.071048,,399,94
16,4,LOPAMM,38,31.902890,21.480281,1044.452745,6585.870501,0.006186,0.059887,,1056,94
16,4,ind,38,227.232183,329.537863,2808.975216,242.185259,0.032222,0.150146,,1056,94
16,4,base,38,9.928465,13.842129,206.288698,9.688105,0.003960,0.044150,,415,94
16,4,LOPAMM,39,83.469598,44.365772,1321.684710,16828.836578,0.007393,0.064277,,1092,94
16,4,ind,39,519.646906,900.382192,3244.414489,552.392205,0.040877,0.168571,,1092,94
16,4,base,39,15.024504,40.174067,269.038098,22.494694,0.004226,0.048254,,422,94
17,5,LOPAMM,0,130.991264,64.735054,3182.795850,104343.961553,0.007604,0.065129,,1670,117
17,5,ind,0,1879.518000,1573.994447,10587.969181,1699.082338,0.093382,0.260626,,1670,117
17,5,base,0,25.236766,31.704421,390.399968,27.398267,0.005899,0.061029,,485,117
17,5,LOPAMM,1,124.388841,55.522675,2174.687623,62885.873859,0.007517,0.066212,,1710,117
17,5,ind,1,653.446872,785.390289,7021.687658,890.742763,0.057844,0.192390,,1710,117
17,5,base,1,8.636173,11.356681,238.667809,8.941678,0.003258,0.041901,,491,117
17,5,LOPAMM,2,50.454818,32.319654,1679.355328,22015.412817,0.005030,0.051834,,1680,117
17,5,ind,2,344.887481,901.717588,6148.685107,627.018958,0.044456,0.184192,,1680,117
17,5,base,2,5.329998,10.965806,211.606055,5.155555,0.003235,0.039229,,492,117
17,5,LOPAMM,3,82.235537,41.364134,1791.507096,45764.375199,0.004612,0.046516,,1998,117
17,5,ind,3,584.494314,784.054102,5659.895350,659.794963,0.033291,0.145960,,1998,117
17,5,base,3,10.553922,16.759975,218.932559,11.264987,0.002880,0.036110,,522,117
17,5,LOPAMM,4,118.447534,55.834755,1950.911305,52593.718306,0.006726,0.064349,,1622,117
17,5,ind,4,681.413102,1009.116065,5793.248015,731.821045,0.052528,0.191345,,1622,117
17,5,base,4,9.662854,17.621881,263.100976,9.395393,0.003849,0.047964,,489,117
17,5,LOPAMM,5,63.650798,32.312314,1654.842129,32321.165398,0.005194,0.051405,,1740,117
17,5,ind,5,372.375564,900.427262,5542.629008,630.371525,0.038982,0.163859,,1740,117
17,5,base,5,7.109230,11.438608,231.281334,8.155375,0.004063,0.041641,,497,117
17,5,LOPAMM,6,104.175610,43.561811,2224.259001,70538.857297,0.005627,0.053606,,1864,117
17,5,ind,6,1113.843573,1373.847953,7504.842487,1170.567751,0.068838,0.204037,,1864,117
17,5,base,6,19.764867,30.082767,261.100375,21.062483,0.003326,0.039688,,510,117
17,5,LOPAMM,7,100.619019,50.533023,2088.967915,56727.449320,0.007958,0.069510,,1438,117
17,5,ind,7,590.586989,1140.041630,6225.068565,931.586912,0.071632,0.221947,,1438,117
17,5,base,7,11.138364,20.227794,303.083722,12.480955,0.004961,0.053655,,473,117
17,5,LOPAMM,8,64.726094,39.874228,1916.653185,33763.426577,0.004935,0.051425,,1936,117
17,5,ind,8,362.758247,834.815783,5937.284717,682.571737,0.036082,0.156564,,1936,117
17,5,base,8,5.414309,11.280484,169.700856,6.826359,0.001631,0.029424,,524,117
17,5,LOPAMM,9,80.662972,40.992827,1977.500675,63666.214734,0.005262,0.053638,,1744,117
17,5,ind,9,1057.221018,1324.732315,7110.684744,1033.497698,0.056884,0.196502,,1744,117
17,5,base,9,17.559797,32.465087,252.504462,17.841819,0.003238,0.041592,,501,117
17,5,LOPAMM,10,86.115711,46.845258,1929.644695,70485.879174,0.005466,0.054667,,1694,117
17,5,ind,10,975.114915,933.992842,7102.047967,980.059593,0.057644,0.202216,,1694,117
17,5,base,10,16.358662,23.520116,252.769900,16.402979,0.003809,0.043214,,487,117
17,5,LOPAMM,11,101.018424,54.139586,1857.369118,51108.379177,0.006844,0.063203,,1654,117
17,5,ind,11,511.449106,768.701889,5472.786428,624.412905,0.048239,0.179964,,1654,117
17,5,base,11,11.142917,22.427918,249.528069,11.835553,0.003648,0.044760,,495,117
17,5,LOPAMM,12,102.795094,39.884956,2384.999950,60107.571287,0.006381,0.059607,,1896,117
17,5,ind,12,761.871541,1578.224668,7654.752394,1358.288324,0.069621,0.206808,,1896,117
17,5,base,12,14.623883,27.034609,278.230674,18.314859,0.003650,0.043486,,511,117
17,5,LOPAMM,13,70.942408,43.203395,1478.094793,30052.489698,0.004362,0.044266,,1912,117
17,5,ind,13,512.636025,724.322076,5529.801976,526.977350,0.039573,0.158581,,1912,117
17,5,base,13,7.463967,13.989962,170.125607,7.369409,0.002320,0.029580,,517,117
17,5,LOPAMM,14,71.007813,33.559382,1880.650660,38520.649158,0.005361,0.053880,,1744,117
17,5,ind,14,432.148397,723.825950,5945.355565,566.644667,0.043859,0.172918,,1744,117
17,5,base,14,9.151968,12.105621,224.582896,9.138120,0.003079,0.039262,,499,117
17,5,LOPAMM,15,82.212201,43.316881,2082.562478,67094.479609,0.005250,0.052981,,1732,117
17,5,ind,15,891.926117,723.235349,7478.084798,1015.297003,0.056370,0.198863,,1732,117
17,5,base,15,16.528029,19.797839,253.044438,17.576924,0.003142,0.040713,,498,117
17,5,LOPAMM,16,57.580305,34.951755,1324.224478,35577.106730,0.004508,0.044711,,1756,117
17,5,ind,16,391.031676,474.886869,4338.447786,437.626974,0.027790,0.136250,,1756,117
17,5,base,16,6.443723,12.740668,184.393691,7.505699,0.002728,0.032612,,508,117
17,5,LOPAMM,17,79.829698,42.248678,2127.944136,70775.177790,0.006303,0.058218,,1446,117
17,5,ind,17,1086.703762,1004.477957,7578.556870,1187.182502,0.086212,0.241676,,1446,117
17,5,base,17,17.056699,24.780460,341.459196,20.935966,0.005688,0.057447,,466,117
17,5,LOPAMM,18,104.052512,48.496514,2209.208997,86383.995724,0.006507,0.058671,,1636,117
17,5,ind,18,1447.291695,1487.034773,8043.983238,1385.127388,0.089963,0.254448,,1636,117
17,5,base,18,28.785695,33.243783,329.443059,27.299591,0.005100,0.052797,,477,117
17,5,LOPAMM,19,121.958231,46.079889,2508.535586,147285.008958,0.006226,0.055366,,1676,117
17,5,ind,19,2731.286347,1584.808219,9019.259075,1940.046287,0.098173,0.244372,,1676,117
17,5,base,19,50.208097,42.643928,368.860821,48.385063,0.004238,0.046584,,488,117
17,5,LOPAMM,20,78.937177,31.523694,1982.685030,47090.879638,0.006518,0.058292,,1660,117
17,5,ind,20,672.578025,790.618903,7221.814167,907.597373,0.064080,0.204554,,1660,117
17,5,base,20,13.103842,15.055954,291.132980,12.487342,0.005040,0.050987,,474,117
17,5,LOPAMM,21,107.489660,35.271369,2492.320930,75052.270703,0.006776,0.060360,,1790,117
17,5,ind,21,1289.770808,1358.567542,8376.723538,1327.010228,0.074828,0.226947,,1790,117
17,5,base,21,22.493392,29.161858,345.656577,24.165030,0.005477,0.051455,,508,117
17,5,LOPAMM,22,131.657729,53.830962,2776.688216,77084.007247,0.007459,0.064748,,1894,117
17,5,ind,22,952.844869,1357.878544,9549.439805,1487.056109,0.077332,0.238043,,1894,117
17,5,base,22,18.518746,22.863201,344.563253,20.515271,0.005388,0.052935,,509,117
17,5,LOPAMM,23,98.784521,42.788600,2087.220060,73561.519064,0.006239,0.060258,,1684,117
17,5,ind,23,1237.571443,1474.168948,6956.460536,1138.201384,0.068634,0.215625,,1684,117
17,5,base,23,20.645736,33.367309,259.439159,20.572595,0.003463,0.043615,,489,117
17,5,LOPAMM,24,72.286173,40.691128,1899.252414,33632.452990,0.005776,0.056349,,1766,117
17,5,ind,24,569.709907,659.489838,6279.433231,636.243308,0.045758,0.178961,,1766,117
17,5,base,24,7.727737,12.036374,243.900509,7.824490,0.003470,0.042848,,507,117
17,5,LOPAMM,25,95.700056,40.776251,2280.695350,67467.735246,0.007571,0.065696,,1644,117
17,5,ind,25,818.794101,847.242728,6930.658289,961.938769,0.061141,0.205776,,1644,117
17,5,base,25,17.207552,20.148207,335.772488,16.728628,0.005232,0.055132,,494,117
17,5,LOPAMM,26,59.716284,40.304481,1465.106304,35933.236336,0.004833,0.049506,,1754,117
17,5,ind,26,396.721760,758.144731,5046.478678,532.876653,0.035421,0.159581,,1754,117
17,5,base,26,8.164510,15.228639,200.386316,8.305852,0.002817,0.036008,,502,117
17,5,LOPAMM,27,70.695433,42.997988,1929.173885,58108.646183,0.005332,0.050923,,1794,117
17,5,ind,27,690.478840,1305.908736,6687.448528,1038.670132,0.058105,0.183332,,1794,117
17,5,base,27,12.842764,24.107319,219.153654,16.749996,0.002610,0.034941,,507,117
17,5,LOPAMM,28,121.433483,50.602593,2377.903602,112048.684063,0.006267,0.054755,,1670,117
17,5,ind,28,2000.500260,1763.959039,8178.022544,1825.851729,0.099251,0.252443,,1670,117
17,5,base,28,35.598043,42.381009,333.298644,36.644380,0.004702,0.048033,,493,117
17,5,LOPAMM,29,93.233475,50.729340,1859.854922,37402.565822,0.006810,0.062895,,1572,117
17,5,ind,29,516.541984,906.837020,5151.317099,702.029773,0.049835,0.186860,,1572,117
17,5,base,29,9.521631,16.502110,243.732246,8.220472,0.003525,0.044223,,488,117
17,5,LOPAMM,30,83.309234,55.306937,1847.003176,56227.900663,0.005866,0.056583,,1668,117
17,5,ind,30,553.308470,943.940745,6316.645089,766.498739,0.052194,0.190738,,1668,117
17,5,base,30,8.393077,20.392643,228.646796,10.038349,0.003380,0.040908,,488,117
17,5,LOPAMM,31,100.472498,55.616536,1886.571998,49428.877188,0.005580,0.053548,,1658,117
17,5,ind,31,388.401128,653.145118,6650.019716,793.322481,0.059560,0.196852,,1658,117
17,5,base,31,16.246237,19.591506,241.882537,12.536340,0.003625,0.042326,,491,117
17,5,LOPAMM,32,89.836348,48.860514,2028.694780,34402.334891,0.006690,0.063176,,1720,117
17,5,ind,32,159.093708,628.336453,6349.917943,629.938962,0.051484,0.194442,,1720,117
17,5,base,32,3.358051,10.501351,272.395730,3.667839,0.004610,0.050733,,500,117
17,5,LOPAMM,33,97.199508,52.936629,1956.605227,37913.889161,0.005905,0.058965,,1794,117
17,5,ind,33,376.771810,607.172646,6207.553152,623.867591,0.045606,0.173340,,1794,117
17,5,base,33,5.443394,12.884578,234.186033,4.781181,0.003424,0.042884,,512,117
17,5,LOPAMM,34,98.908580,51.422645,2579.681001,88697.283156,0.006239,0.058214,,1720,117
17,5,ind,34,1202.271007,1356.489474,9300.724969,1411.331730,0.080739,0.245808,,1720,117
17,5,base,34,19.987697,30.814924,341.997720,25.111745,0.005531,0.054577,,489,117
17,5,LOPAMM,35,85.961544,40.037547,2044.843918,58580.662894,0.006886,0.065704,,1498,117
17,5,ind,35,924.955869,1079.245495,7812.804036,1049.482440,0.084618,0.246245,,1498,117
17,5,base,35,15.998472,24.226100,307.374495,16.509502,0.005093,0.055345,,464,117
17,5,LOPAMM,36,81.251375,34.834142,2155.100006,34723.803426,0.005151,0.053535,,1914,117
17,5,ind,36,624.120305,1023.756869,7441.600380,811.820271,0.054568,0.195227,,1914,117
17,5,base,36,8.877556,15.231299,253.660987,9.587628,0.003959,0.043282,,516,117
17,5,LOPAMM,37,86.187511,48.022565,2284.145709,30650.227046,0.006863,0.068159,,1654,117
17,5,ind,37,317.979204,882.595521,6974.393199,647.734124,0.057253,0.213301,,1654,117
17,5,base,37,4.899161,10.642838,268.696711,4.498104,0.004144,0.049915,,488,117
17,5,LOPAMM,38,99.279009,46.946652,2053.100106,69920.932457,0.007965,0.066783,,1468,117
17,5,ind,38,764.411151,1120.426498,6817.116961,1070.410842,0.078080,0.227306,,1468,117
17,5,base,38,14.322975,27.870905,256.114908,17.346968,0.003671,0.045027,,467,117
17,5,LOPAMM,39,86.365964,44.311923,2031.058361,41021.261036,0.007956,0.071888,,1580,117
17,5,ind,39,278.447014,624.033819,6213.644065,588.466558,0.048801,0.196514,,1580,117
17,5,base,39,8.015302,17.162024,263.670314,8.180627,0.004532,0.050862,,478,117
18,5,LOPAMM,0,183.607154,64.993098,2947.549765,143569.796179,0.009477,0.076090,,1796,124
18,5,ind,0,1515.272045,1086.678316,9527.359622,1428.844306,0.088385,0.256855,,1796,124
18,5,base,0,35.639220,41.773564,400.355050,30.927401,0.006059,0.061769,,519,124
18,5,LOPAMM,1,86.435163,49.954835,2068.873676,70892.149017,0.006294,0.059352,,1758,124
18,5,ind,1,592.749688,815.771242,7275.198528,983.122522,0.057091,0.192060,,1758,124
18,5,base,1,13.777015,15.843695,286.383801,14.199801,0.003957,0.045884,,511,124
18,5,LOPAMM,2,103.898451,59.986212,2127.406315,64731.226543,0.006852,0.060319,,1790,124
18,5,ind,2,189.058825,1050.201546,7311.928452,1002.751612,0.072041,0.221619,,1790,124
18,5,base,2,7.107215,17.181463,291.565472,9.631273,0.004552,0.048858,,525,124
18,5,LOPAMM,3,92.700121,45.618246,2100.370829,70458.927852,0.004676,0.046395,,2110,124
18,5,ind,3,708.692582,1058.478543,7451.885389,930.761905,0.047633,0.172644,,2110,124
18,5,base,3,14.827376,22.092059,271.397386,14.431907,0.003421,0.040535,,553,124
18,5,LOPAMM,4,82.432175,49.925781,1921.406421,76316.771790,0.006002,0.055915,,1698,124
18,5,ind,4,702.207738,776.359633,6352.772450,825.894517,0.051145,0.181431,,1698,124
18,5,base,4,13.732181,22.215335,262.062328,15.375850,0.003498,0.043516,,515,124
18,5,LOPAMM,5,85.172902,47.011535,2080.413124,57564.170282,0.005324,0.053603,,1880,124
18,5,ind,5,773.328668,932.842639,7096.715369,819.261245,0.049980,0.187781,,1880,124
18,5,base,5,12.531874,16.164177,269.623860,12.252636,0.003996,0.043775,,531,124
18,5,LOPAMM,6,67.397930,37.713562,1556.255333,62157.854941,0.004337,0.044009,,1904,124
18,5,ind,6,845.057560,1032.460007,5562.408160,714.082549,0.037556,0.153376,,1904,124
18,5,base,6,14.640801,20.992287,201.415427,13.916791,0.002362,0.032038,,531,124
18,5,LOPAMM,7,115.787444,53.828278,2359.516079,110705.068378,0.006862,0.061175,,1546,124
18,5,ind,7,1496.762645,1418.485945,7587.164699,1308.150454,0.073890,0.226686,,1546,124
18,5,base,7,25.738298,32.824890,365.083298,24.421513,0.005082,0.052430,,502,124
18,5,LOPAMM,8,76.693446,45.111255,2008.360835,31571.737235,0.004886,0.053100,,2058,124
18,5,ind,8,407.237595,914.597090,6240.247051,589.707662,0.036612,0.159472,,2058,124
18,5,base,8,4.077167,10.608350,181.815423,3.993141,0.001600,0.030540,,557,124
18,5,LOPAMM,9,100.107518,48.320228,2346.172418,100049.275700,0.005590,0.056646,,1868,124
18,5,ind,9,1185.708239,1392.471163,8084.686901,1208.171160,0.058270,0.210516,,1868,124
18,5,base,9,22.547438,27.957606,331.190089,21.589980,0.004396,0.050163,,533,124
18,5,LOPAMM,10,102.633064,50.942318,3030.806971,63149.377302,0.006350,0.059881,,1848,124
18,5,ind,10,779.135279,1309.890813,10448.539931,1484.398023,0.083478,0.237775,,1848,124
18,5,base,10,9.557434,16.711441,303.180847,10.756584,0.003872,0.047911,,525,124
18,5,LOPAMM,11,65.284164,34.999268,1648.817163,50037.352147,0.004723,0.048259,,1768,124
18,5,ind,11,676.560338,954.464777,5322.744709,678.762777,0.039178,0.161664,,1768,124
18,5,base,11,10.909316,17.529085,211.680439,10.642586,0.002638,0.035429,,523,124
18,5,LOPAMM,12,101.783431,41.109147,2431.150699,62302.853404,0.006169,0.057821,,1998,124
18,5,ind,12,634.339477,1338.972255,7567.338419,1227.905268,0.068290,0.208939,,1998,124
18,5,base,12,12.359993,19.379832,280.884570,12.790949,0.003599,0.043321,,538,124
18,5,LOPAMM,13,110.921128,60.891252,2054.614799,129862.468695,0.005325,0.050002,,2006,124
18,5,ind,13,1377.839481,1445.521257,7070.229878,1159.666218,0.050152,0.179163,,2006,124
18,5,base,13,24.334003,38.489787,292.056440,28.741984,0.003364,0.041544,,545,124
18,5,LOPAMM,14,94.212554,47.901693,2277.017823,73023.409518,0.005762,0.058253,,1956,124
18,5,ind,14,901.571153,1010.443364,7572.770234,995.690172,0.054852,0.196680,,1956,124
18,5,base,14,15.460060,20.795027,259.911355,14.876578,0.003094,0.040529,,544,124
18,5,LOPAMM,15,88.197360,44.623593,2121.988363,105735.160404,0.005254,0.050149,,1796,124
18,5,ind,15,1122.937783,1478.851110,7568.110626,1249.442047,0.055923,0.195479,,1796,124
18,5,base,15,16.109428,30.345661,284.114395,25.278601,0.003792,0.041096,,519,124
18,5,LOPAMM,16,70.734634,43.556464,1552.321655,72192.322399,0.004234,0.044081,,1910,124
18,5,ind,16,698.268185,836.755644,5706.904740,667.459604,0.037285,0.157721,,1910,124
18,5,base,16,15.803482,23.334375,187.307078,14.849027,0.001996,0.028510,,547,124
18,5,LOPAMM,17,87.579312,40.695995,2046.817137,71472.582735,0.006603,0.062846,,1554,124
18,5,ind,17,831.281703,1006.791986,6928.841995,904.095725,0.071202,0.219849,,1554,124
18,5,base,17,14.322091,22.548062,298.129178,13.933365,0.004453,0.051353,,498,124
18,5,LOPAMM,18,116.495965,52.601670,2444.576791,92414.206275,0.006505,0.055805,,1810,124
18,5,ind,18,720.121670,1648.988947,7997.847038,1346.955238,0.069318,0.219313,,1810,124
18,5,base,18,9.588532,33.554805,338.290494,19.511707,0.005017,0.051407,,517,124
18,5,LOPAMM,19,87.125777,47.288123,1888.775730,70374.046994,0.005843,0.056199,,1722,124
18,5,ind,19,936.397544,1634.937888,6926.796822,1043.476807,0.061344,0.197773,,1722,124
18,5,base,19,11.208235,29.160335,242.716714,11.950441,0.003416,0.041165,,507,124
18,5,LOPAMM,20,97.828601,48.605350,2237.968120,118614.205334,0.006538,0.060251,,1738,124
18,5,ind,20,1414.987992,1197.853410,7507.359190,1111.877303,0.060992,0.207636,,1738,124
18,5,base,20,28.092542,30.701342,335.466373,26.865384,0.004855,0.052201,,501,124
18,5,LOPAMM,21,115.646545,42.613095,2812.192003,45781.126502,0.007241,0.062448,,1872,124
18,5,ind,21,138.064544,815.568408,8077.194623,854.325121,0.080868,0.235962,,1872,124
18,5,base,21,7.081576,11.922854,368.344413,7.574759,0.005750,0.056626,,537,124
18,5,LOPAMM,22,103.325263,40.921389,2710.003710,70020.094827,0.006420,0.061972,,1950,124
18,5,ind,22,783.895056,1236.150667,9682.826660,1108.599820,0.072601,0.235891,,1950,124
18,5,base,22,14.485372,23.470099,320.453345,14.278380,0.004647,0.051789,,531,124
18,5,LOPAMM,23,88.683246,42.778090,1734.072527,63321.307518,0.005661,0.054023,,1772,124
18,5,ind,23,649.728996,744.527178,5641.358428,655.398388,0.041636,0.170684,,1772,124
18,5,base,23,14.867805,18.920498,236.207644,12.164078,0.003320,0.039891,,519,124
18,5,LOPAMM,24,59.978950,32.232584,1560.636091,38579.364589,0.004945,0.050626,,1840,124
18,5,ind,24,306.515810,685.181680,5763.793683,436.911508,0.036146,0.165384,,1840,124
18,5,base,24,6.484304,10.462497,214.644660,6.337815,0.002989,0.037181,,532,124
18,5,LOPAMM,25,116.540904,46.335979,2691.854453,69809.472463,0.007980,0.064297,,1778,124
18,5,ind,25,642.776780,1285.325084,9159.886287,1481.729373,0.086963,0.249510,,1778,124
18,5,base,25,13.419482,18.722131,395.201186,15.320374,0.007067,0.059490,,527,124
18,5,LOPAMM,26,84.579390,50.077820,1852.909118,43061.096537,0.005838,0.058083,,1830,124
18,5,ind,26,296.371547,572.444164,5657.578372,473.314575,0.036087,0.166660,,1830,124
18,5,base,26,2.455050,9.825807,244.421240,5.965152,0.003917,0.043341,,526,124
18,5,LOPAMM,27,81.093151,49.060901,2081.872569,60506.143423,0.006224,0.060021,,1854,124
18,5,ind,27,415.431075,854.203234,6577.454090,681.943549,0.046729,0.180420,,1854,124
18,5,base,27,8.656196,19.022884,273.633644,11.776153,0.003827,0.046031,,530,124
18,5,LOPAMM,28,110.069317,48.543727,2120.082505,103349.723727,0.005604,0.053671,,1724,124
18,5,ind,28,1381.928424,812.290514,7612.953277,1122.004732,0.062851,0.195018,,1724,124
18,5,base,28,26.379964,19.058838,282.447927,25.212261,0.003890,0.042582,,518,124
18,5,LOPAMM,29,73.621506,40.124674,1603.560151,59142.643784,0.005288,0.052480,,1690,124
18,5,ind,29,647.482340,752.991331,4912.361167,540.382308,0.036311,0.159837,,1690,124
18,5,base,29,13.402235,21.461362,222.217056,12.928548,0.002781,0.037431,,520,124
18,5,LOPAMM,30,62.509882,42.443110,1645.365051,48853.103138,0.004799,0.048607,,1850,124
18,5,ind,30,571.531571,995.757724,6287.326881,698.866815,0.044482,0.177217,,1850,124
18,5,base,30,8.643779,15.879132,211.738991,9.324989,0.002947,0.035663,,528,124
18,5,LOPAMM,31,101.658687,51.156317,1871.359053,115425.108643,0.005120,0.049319,,1802,124
18,5,ind,31,1278.719880,1312.917466,6940.399034,1086.315149,0.058573,0.194657,,1802,124
18,5,base,31,27.702602,37.851504,269.698694,25.321128,0.003655,0.040748,,527,124
18,5,LOPAMM,32,67.589215,35.978740,1980.811329,50469.188423,0.005262,0.053927,,1760,124
18,5,ind,32,458.940545,1181.308309,7134.045791,933.389614,0.060690,0.209157,,1760,124
18,5,base,32,7.682548,17.240369,297.702831,10.273594,0.004379,0.049120,,519,124
18,5,LOPAMM,33,128.310627,49.095043,2543.186243,52467.887790,0.007438,0.064283,,1932,124
18,5,ind,33,133.352289,1275.943420,7522.595765,1177.260384,0.067218,0.202460,,1932,124
18,5,base,33,2.477240,8.223132,334.585799,3.941636,0.005207,0.054156,,546,124
18,5,LOPAMM,34,104.916213,58.778512,2508.072019,133495.758544,0.006033,0.055424,,1774,124
18,5,ind,34,1669.453701,1832.825609,8403.715120,1535.990279,0.086849,0.238085,,1774,124
18,5,base,34,30.008003,41.193174,382.193990,33.230317,0.005260,0.052794,,511,124
18,5,LOPAMM,35,73.141528,40.669064,2157.943576,48679.882495,0.006321,0.061212,,1576,124
18,5,ind,35,451.813934,951.896633,8325.364626,1011.008585,0.080971,0.238112,,1576,124
18,5,base,35,8.839316,12.688271,323.051634,10.115389,0.005076,0.054883,,490,124
18,5,LOPAMM,36,86.094920,39.557019,2300.956144,99779.037857,0.004570,0.046358,,1936,124
18,5,ind,36,1431.009056,1270.029701,9203.659829,1403.596150,0.072851,0.224762,,1936,124
18,5,base,36,26.760923,25.811577,310.470620,25.698964,0.004052,0.043633,,535,124
18,5,LOPAMM,37,118.467863,44.954642,2544.166114,133905.110602,0.006774,0.062970,,1730,124
18,5,ind,37,1745.968783,1284.886221,8580.099032,1339.170753,0.083195,0.241236,,1730,124
18,5,base,37,32.175267,34.886692,359.203977,32.200579,0.004769,0.052088,,514,124
18,5,LOPAMM,38,84.255664,48.152505,1552.554908,55733.370499,0.006663,0.062184,,1508,124
18,5,ind,38,178.133469,503.627154,5066.230638,489.249479,0.042151,0.173597,,1508,124
18,5,base,38,7.133305,14.791195,230.451315,8.652173,0.003656,0.043021,,487,124
18,5,LOPAMM,39,131.498163,69.487930,2329.222660,81413.403477,0.008359,0.074017,,1686,124
18,5,ind,39,863.975786,1148.721402,7099.430082,846.477465,0.063427,0.221188,,1686,124
18,5,base,39,17.608230,31.311838,319.554405,14.179938,0.004988,0.055935,,510,124
19,5,LOPAMM,0,97.621235,41.474061,2410.501985,154179.654454,0.005118,0.048804,,1950,130
19,5,ind,0,1941.595709,1592.214199,9439.291788,1653.760240,0.072917,0.223723,,1950,130
19,5,base,0,30.821371,32.658704,373.453768,30.403861,0.005171,0.051458,,546,130
19,5,LOPAMM,1,149.915181,75.488696,2361.184006,156028.476209,0.007027,0.061310,,1972,130
19,5,ind,1,713.299274,725.137934,7510.046650,977.411034,0.054533,0.188285,,1972,130
19,5,base,1,32.352198,32.695875,345.649596,27.428596,0.005177,0.050235,,553,130
19,5,LOPAMM,2,90.146029,37.262552,1954.129889,70948.277249,0.006261,0.059996,,1788,130
19,5,ind,2,412.213309,805.197835,6388.485548,699.710403,0.047375,0.181553,,1788,130
19,5,base,2,7.884717,17.160826,242.195685,9.879647,0.003183,0.039940,,544,130
19,5,LOPAMM,3,95.832266,53.750840,1905.119341,70622.816825,0.006036,0.056520,,1960,130
19,5,ind,3,519.481451,745.214230,5553.280318,599.793450,0.033626,0.147575,,1960,130
19,5,base,3,9.111531,18.194384,229.227943,8.898611,0.002665,0.037192,,558,130
19,5,LOPAMM,4,119.449665,64.439391,2823.893183,92259.593896,0.006418,0.061520,,2150,130
19,5,ind,4,810.522412,2264.973368,9452.408023,1365.499184,0.065967,0.215906,,2150,130
19,5,base,4,8.516098,27.706615,332.277463,11.787410,0.003705,0.048101,,574,130
19,5,LOPAMM,5,90.269734,50.140160,1749.502037,86336.643164,0.005158,0.048826,,2016,130
19,5,ind,5,703.430117,1008.686359,5672.640722,717.857212,0.037756,0.153703,,2016,130
19,5,base,5,14.581960,26.825121,247.449305,14.968840,0.003101,0.037299,,564,130
19,5,LOPAMM,6,101.947619,52.335376,2164.532338,114455.392194,0.005732,0.054667,,1832,130
19,5,ind,6,704.320128,1194.857720,7419.967871,1084.526813,0.055039,0.193815,,1832,130
19,5,base,6,15.095843,30.413530,331.109494,22.120971,0.004658,0.048238,,542,130
19,5,LOPAMM,7,63.646819,32.355514,1813.239407,83039.474868,0.004892,0.049670,,1836,130
19,5,ind,7,703.412460,1023.837584,6467.603544,793.912833,0.045194,0.179079,,1836,130
19,5,base,7,16.241972,19.868720,262.492305,14.853332,0.003282,0.041357,,536,130
19,5,LOPAMM,8,73.673782,44.007977,1841.971667,40864.752243,0.005644,0.057378,,1786,130
19,5,ind,8,205.732773,677.490600,6127.451776,570.246791,0.042001,0.178148,,1786,130
19,5,base,8,3.928612,8.881802,248.217111,4.323982,0.003118,0.041903,,550,130
19,5,LOPAMM,9,158.598805,53.981834,2796.984307,350115.418480,0.006129,0.052642,,1780,130
19,5,ind,9,3386.617910,1432.329861,10865.175840,2448.244829,0.119096,0.268145,,1780,130
19,5,base,9,81.707253,49.762270,527.105186,76.647193,0.005354,0.050481,,536,130
19,5,LOPAMM,10,82.740516,33.172995,2172.133932,74301.176663,0.006242,0.059466,,1822,130
19,5,ind,10,671.105577,920.659040,7007.774226,820.544262,0.054253,0.193219,,1822,130
19,5,base,10,13.112410,18.840776,294.568565,11.800020,0.004274,0.048225,,532,130
19,5,LOPAMM,11,175.256043,75.987842,2796.982715,132633.813139,0.006918,0.059494,,2110,130
19,5,ind,11,1536.306906,1553.137729,8654.714231,1388.112346,0.074747,0.216885,,2110,130
19,5,base,11,22.147272,34.815315,319.716623,18.611597,0.003870,0.045424,,579,130
19,5,LOPAMM,12,82.747657,45.374009,1723.207797,63366.473229,0.005876,0.057212,,1776,130
19,5,ind,12,412.632311,880.985990,5437.031097,529.695977,0.038782,0.163919,,1776,130
19,5,base,12,6.019209,20.310388,211.370054,5.905839,0.002688,0.036292,,547,130
19,5,LOPAMM,13,123.822610,64.454572,2541.994152,121317.628726,0.006198,0.058146,,2058,130
19,5,ind,13,1373.359924,1359.437279,8538.837002,1334.649052,0.056711,0.197788,,2058,130
19,5,base,13,20.164428,20.740436,309.672911,19.387223,0.003379,0.043924,,580,130
19,5,LOPAMM,14,161.965659,54.405302,2954.725267,101592.988586,0.009303,0.073515,,1874,130
19,5,ind,14,507.495983,1006.910854,9818.608624,1398.213738,0.095798,0.250958,,1874,130
19,5,base,14,14.487841,16.850971,388.300029,15.396856,0.006442,0.058337,,545,130
19,5,LOPAMM,15,114.658873,75.666822,2094.588920,76662.263733,0.005714,0.055437,,2030,130
19,5,ind,15,384.589515,672.270610,6824.515199,691.044120,0.044066,0.185452,,2030,130
19,5,base,15,14.280645,25.207330,249.767866,9.514718,0.003142,0.040200,,567,130
19,5,LOPAMM,16,78.094443,40.012689,1849.226501,101024.525327,0.004605,0.045908,,1936,130
19,5,ind,16,1114.814709,1488.049478,6974.757915,1074.604094,0.055043,0.183302,,1936,130
19,5,base,16,18.250757,28.465924,253.215864,17.612824,0.002945,0.036680,,558,130
19,5,LOPAMM,17,90.333841,45.835286,2008.598132,107002.972828,0.004995,0.049857,,1924,130
19,5,ind,17,1119.271651,967.449000,7901.682557,1060.820037,0.052338,0.194127,,1924,130
19,5,base,17,17.788103,19.965876,281.449131,20.574823,0.003587,0.041242,,548,130
19,5,LOPAMM,18,82.802856,41.837657,1947.008910,72670.841155,0.005664,0.053280,,1910,130
19,5,ind,18,740.906883,1031.632573,6456.406994,813.231615,0.044048,0.172578,,1910,130
19,5,base,18,11.313880,17.613296,285.217768,10.673706,0.004468,0.044961,,556,130
19,5,LOPAMM,19,83.905108,41.506679,1593.791199,61621.657381,0.005394,0.050899,,1784,130
19,5,ind,19,409.994641,662.950250,5264.544558,496.319089,0.034452,0.160695,,1784,130
19,5,base,19,9.981113,16.363767,232.916874,10.031854,0.003172,0.039117,,536,130
19,5,LOPAMM,20,78.204587,40.393586,1902.776274,52982.691535,0.005635,0.053329,,1838,130
19,5,ind,20,337.790713,747.377202,6296.470547,666.608022,0.047927,0.175181,,1838,130
19,5,base,20,6.660064,12.305306,265.473687,7.293593,0.003825,0.044007,,544,130
19,5,LOPAMM,21,93.441328,42.840435,2200.202807,90149.930463,0.005215,0.047140,,2116,130
19,5,ind,21,676.566493,1311.788585,7333.014054,1067.456247,0.052502,0.180247,,2116,130
19,5,base,21,11.204518,28.048165,306.530972,15.278943,0.004123,0.041777,,581,130
19,5,LOPAMM,22,106.889693,58.129760,2333.628085,106643.860612,0.006620,0.061875,,1790,130
19,5,ind,22,1193.814752,1274.442251,7985.118699,1146.230001,0.071370,0.225957,,1790,130
19,5,base,22,18.865616,24.238026,332.186600,19.105042,0.004462,0.052838,,533,130
19,5,LOPAMM,23,92.065629,44.655703,2152.355515,118459.738544,0.004986,0.050672,,2098,130
19,5,ind,23,1228.311136,1475.560212,6854.208060,1017.027272,0.044886,0.168671,,2098,130
19,5,base,23,20.104720,33.681073,251.746010,21.534118,0.002573,0.035072,,588,130
19,5,LOPAMM,24,112.682250,59.580221,2136.507709,168349.507444,0.006776,0.060956,,1682,130
19,5,ind,24,1346.858614,1358.811631,7752.375894,1085.799779,0.066822,0.218622,,1682,130
19,5,base,24,24.070395,39.862099,372.611547,30.284873,0.005710,0.056402,,522,130
19,5,LOPAMM,25,81.689493,39.042670,2100.610012,68679.586968,0.004574,0.047409,,2192,130
19,5,ind,25,715.050293,1159.959547,7614.094939,911.513056,0.045017,0.174417,,2192,130
19,5,base,25,11.361903,18.958866,233.614009,11.496283,0.002816,0.035087,,581,130
19,5,LOPAMM,26,102.595489,56.605737,1925.779110,105258.152868,0.005820,0.056527,,1876,130
19,5,ind,26,1036.914627,1254.947612,5811.651990,724.274224,0.037798,0.160004,,1876,130
19,5,base,26,19.369867,31.717912,235.793807,16.465862,0.002442,0.036479,,556,130
19,5,LOPAMM,27,75.163794,37.685257,1698.409769,47753.364718,0.004720,0.047851,,1942,130
19,5,ind,27,302.057243,941.345069,6108.626992,610.300747,0.038819,0.166714,,1942,130
19,5,base,27,5.650601,13.112866,206.002261,5.768236,0.002695,0.034608,,549,130
19,5,LOPAMM,28,61.843370,37.789208,1629.501186,78410.856540,0.004815,0.048203,,1816,130
19,5,ind,28,892.289959,997.623235,6755.157455,896.500355,0.055448,0.182687,,1816,130
19,5,base,28,14.223726,20.188697,256.721804,15.431759,0.003520,0.040268,,540,130
19,5,LOPAMM,29,108.623721,51.431854,2063.855550,96038.788827,0.006785,0.062172,,1870,130
19,5,ind,29,799.828894,974.215961,5744.508615,656.473114,0.039288,0.163656,,1870,130
19,5,base,29,16.485994,23.289410,270.108256,16.747817,0.003655,0.042646,,550,130
19,5,LOPAMM,30,79.936722,46.209540,1609.778758,66062.412464,0.005080,0.051745,,1838,130
19,5,ind,30,354.760813,474.066648,5640.766570,521.940015,0.036214,0.155341,,1838,130
19,5,base,30,10.697486,16.171668,213.018182,8.993058,0.002915,0.035602,,540,130
19,5,LOPAMM,31,104.876330,49.429661,2106.511552,126711.032084,0.005388,0.051066,,1878,130
19,5,ind,31,1152.667213,1501.364190,7398.242601,1244.313388,0.063271,0.210299,,1878,130
19,5,base,31,21.629164,35.299649,273.246234,24.585624,0.003275,0.038558,,552,130
19,5,LOPAMM,32,120.641849,51.159690,2581.036481,117755.105037,0.007108,0.062745,,1916,130
19,5,ind,32,1202.092853,1345.207618,9383.137640,1311.756067,0.077559,0.236839,,1916,130
19,5,base,32,19.592622,27.816253,342.306700,18.924116,0.004852,0.051979,,552,130
19,5,LOPAMM,33,120.196789,58.552477,2305.935751,118230.437752,0.005805,0.050829,,2052,130
19,5,ind,33,638.684879,1714.773619,7338.910881,1466.487656,0.064786,0.181334,,2052,130
19,5,base,33,14.106540,26.504272,308.784686,20.086576,0.003448,0.041499,,573,130
19,5,LOPAMM,34,78.455737,44.200399,2798.909797,71532.769362,0.005289,0.053006,,2164,130
19,5,ind,34,567.138439,1483.597182,11122.027282,1350.007729,0.080308,0.239466,,2164,130
19,5,base,34,6.493567,15.056717,327.611330,10.078395,0.004379,0.048378,,576,130
19,5,LOPAMM,35,88.636748,48.123888,1883.002901,138705.395767,0.004944,0.048173,,1900,130
19,5,ind,35,1291.620736,1248.768290,7488.622290,1092.462146,0.059254,0.202031,,1900,130
19,5,base,35,28.794049,31.015790,297.946119,25.765537,0.003771,0.041837,,556,130
19,5,LOPAMM,36,67.512480,35.517894,1928.188979,64863.608964,0.005777,0.057040,,1788,130
19,5,ind,36,365.648402,714.222868,6917.817738,762.532690,0.054768,0.196635,,1788,130
19,5,base,36,9.073741,17.040147,255.366028,10.060504,0.003250,0.041659,,540,130
19,5,LOPAMM,37,98.415055,40.983142,2910.843348,134536.642885,0.005402,0.051065,,1938,130
19,5,ind,37,2003.182477,1690.657962,11371.977896,1947.351747,0.090362,0.249970,,1938,130
19,5,base,37,26.769097,25.922650,360.663847,26.309578,0.004914,0.049144,,545,130
19,5,LOPAMM,38,84.998990,44.397112,1733.080419,72231.870041,0.005024,0.050085,,1802,130
19,5,ind,38,690.447088,660.001144,6253.111847,702.667957,0.044614,0.176920,,1802,130
19,5,base,38,10.992897,13.572786,233.330520,11.614579,0.003311,0.038694,,533,130
19,5,LOPAMM,39,126.252839,54.872722,2510.182695,121020.989178,0.007541,0.058302,,1788,130
19,5,ind,39,1023.013259,1625.786407,9486.074895,1613.065529,0.087657,0.240529,,1788,130
19,5,base,39,15.122076,19.884811,395.725376,17.277254,0.005577,0.054456,,534,130
20,5,LOPAMM,0,136.508957,55.095791,2677.009409,137269.596849,0.008000,0.067349,,1972,138
20,5,ind,0,612.487593,1072.563181,8940.983718,1178.146655,0.065140,0.218116,,1972,138
20,5,base,0,12.461826,17.572290,363.990881,12.733607,0.004964,0.054396,,581,138
20,5,LOPAMM,1,122.195999,45.085296,2354.268290,259132.845122,0.005940,0.052545,,1928,138
20,5,ind,1,2302.745163,1153.462220,9346.215874,1590.885809,0.073794,0.218820,,1928,138
20,5,base,1,49.684696,34.470129,409.983850,44.697693,0.005230,0.048781,,559,138
20,5,LOPAMM,2,60.448355,33.097433,1610.830966,53640.820278,0.004968,0.049613,,1980,138
20,5,ind,2,126.961215,541.953727,5616.934233,416.239053,0.034059,0.159122,,1980,138
20,5,base,2,6.326062,11.561180,225.864764,6.451925,0.003195,0.036246,,580,138
20,5,LOPAMM,3,87.562856,38.783967,2043.813241,73579.778325,0.004598,0.046495,,2210,138
20,5,ind,3,494.681369,1159.020837,7206.669690,831.116956,0.042238,0.167722,,2210,138
20,5,base,3,8.685428,17.211453,278.513622,9.517950,0.003300,0.040921,,602,138
20,5,LOPAMM,4,97.796351,60.405820,1838.195179,68610.940127,0.006162,0.056723,,1806,138
20,5,ind,4,205.488861,656.111530,5951.127534,587.069318,0.041024,0.170150,,1806,138
20,5,base,4,6.259526,12.465283,252.319242,5.846940,0.004007,0.041942,,555,138
20,5,LOPAMM,5,94.556918,54.773759,2029.799383,84048.226304,0.005128,0.049963,,2034,138
20,5,ind,5,333.177732,843.028414,7005.870995,813.752229,0.045604,0.174333,,2034,138
20,5,base,5,11.582931,17.519169,266.361866,11.053905,0.003720,0.038882,,590,138
20,5,LOPAMM,6,68.606622,40.284101,1880.413190,90189.097314,0.004915,0.048036,,2058,138
20,5,ind,6,425.341414,903.412888,6956.102865,898.749979,0.047217,0.173607,,2058,138
20,5,base,6,12.863748,19.229973,262.046680,12.566046,0.003165,0.038213,,585,138
20,5,LOPAMM,7,100.897254,51.907886,2238.152224,120266.150286,0.006495,0.060834,,1802,138
20,5,ind,7,738.745475,1146.161592,7296.759178,1110.405868,0.057432,0.199672,,1802,138
20,5,base,7,15.242909,23.506828,348.512483,16.851102,0.004479,0.050771,,575,138
20,5,LOPAMM,8,87.456391,49.087692,2176.438603,68039.211696,0.005613,0.053719,,2262,138
20,5,ind,8,262.453592,1265.390513,6908.782239,903.320207,0.040648,0.167111,,2262,138
20,5,base,8,6.149392,12.309455,265.863110,6.418114,0.003060,0.038580,,619,138
20,5,LOPAMM,9,102.422961,53.239741,2002.261810,96004.374332,0.005208,0.051002,,2120,138
20,5,ind,9,563.516277,895.097206,6678.860438,721.211639,0.038392,0.165169,,2120,138
20,5,base,9,7.934498,19.070839,257.429675,9.580145,0.002989,0.038992,,600,138
20,5,LOPAMM,10,91.271065,45.142813,2570.977421,95476.452754,0.005940,0.058548,,2010,138
20,5,ind,10,524.578298,1360.875198,9034.076455,1217.645200,0.064689,0.221332,,2010,138
20,5,base,10,11.182392,17.235657,319.577349,11.088723,0.004119,0.048547,,575,138
20,5,LOPAMM,11,102.553148,59.282655,2101.978090,96659.970285,0.005498,0.053908,,2010,138
20,5,ind,11,696.465403,1151.835258,6669.636072,878.894822,0.045981,0.177815,,2010,138
20,5,base,11,9.964174,21.355334,252.100323,12.463965,0.002812,0.037543,,588,138
20,5,LOPAMM,12,98.471269,52.034443,2113.619999,101020.906779,0.005625,0.056471,,2128,138
20,5,ind,12,821.279167,1100.213234,7489.605131,763.678311,0.043647,0.178002,,2128,138
20,5,base,12,11.508607,22.063551,255.180293,11.549330,0.003328,0.038828,,587,138
20,5,LOPAMM,13,110.658475,71.758052,1961.025900,126210.484348,0.004927,0.048680,,2178,138
20,5,ind,13,815.094219,1052.782993,7123.947064,837.672593,0.043707,0.168026,,2178,138
20,5,base,13,15.137042,24.326776,262.904234,15.206828,0.003144,0.038210,,597,138
20,5,LOPAMM,14,91.119980,42.793844,2457.818258,90594.491588,0.005473,0.055483,,2082,138
20,5,ind,14,647.541187,1260.663683,9126.599873,1152.475015,0.060366,0.206717,,2082,138
20,5,base,14,11.813900,19.736740,299.650511,10.434208,0.003784,0.044439,,592,138
20,5,LOPAMM,15,103.125273,56.505927,2153.634768,100230.491281,0.006127,0.057372,,1882,138
20,5,ind,15,562.014503,1046.653805,6934.693109,809.814353,0.047137,0.183402,,1882,138
20,5,base,15,11.259485,16.447196,301.992708,10.611156,0.004346,0.046706,,561,138
20,5,LOPAMM,16,55.396292,28.936854,1403.687117,72043.033486,0.003962,0.039758,,2120,138
20,5,ind,16,470.736231,525.680291,4868.675735,488.317666,0.025749,0.125981,,2120,138
20,5,base,16,9.093075,13.014187,172.247355,9.228646,0.002049,0.024818,,610,138
20,5,LOPAMM,17,76.207498,44.609400,1625.697569,55575.504881,0.005486,0.054345,,1766,138
20,5,ind,17,275.885011,569.219677,5571.543708,458.270115,0.042164,0.174437,,1766,138
20,5,base,17,3.849394,8.804401,256.885185,3.790990,0.003885,0.043495,,555,138
20,5,LOPAMM,18,132.957985,64.019684,2548.587866,156250.789427,0.006276,0.058964,,2100,138
20,5,ind,18,1282.602472,1519.171349,8222.765311,1120.129728,0.051563,0.196660,,2100,138
20,5,base,18,21.080619,33.541119,339.403011,18.775299,0.004552,0.049478,,586,138
20,5,LOPAMM,19,82.913482,41.602843,1836.910258,68337.477897,0.005232,0.052534,,2008,138
20,5,ind,19,307.494181,695.280828,6927.587456,625.404762,0.047550,0.181463,,2008,138
20,5,base,19,5.361946,12.466484,241.932559,6.926436,0.003335,0.038631,,575,138
20,5,LOPAMM,20,125.129591,63.661363,2351.221580,222652.086816,0.006695,0.059651,,1858,138
20,5,ind,20,1098.759701,782.467904,7667.657244,984.952591,0.058593,0.199308,,1858,138
20,5,base,20,33.502227,36.036467,385.763819,32.699732,0.005339,0.053697,,550,138
20,5,LOPAMM,21,113.658774,46.096530,2607.486320,203884.554449,0.005088,0.049604,,2112,138
20,5,ind,21,2202.202074,2027.756374,8765.572115,1636.460280,0.067692,0.209696,,2112,138
20,5,base,21,35.349863,42.117886,354.592923,31.590040,0.003471,0.043762,,602,138
20,5,LOPAMM,22,130.922328,50.841139,3253.829911,144393.193148,0.006500,0.059832,,2234,138
20,5,ind,22,1580.027713,1447.971182,11922.895588,1718.363827,0.090688,0.251057,,2234,138
20,5,base,22,21.607011,23.842707,377.294890,21.687192,0.004530,0.050191,,600,138
20,5,LOPAMM,23,128.119646,68.495121,2198.271216,135932.211410,0.005636,0.051630,,2042,138
20,5,ind,23,872.903997,1027.501640,7202.523877,1062.513333,0.050048,0.182042,,2042,138
20,5,base,23,19.205019,21.688674,295.821442,19.933558,0.003601,0.041654,,586,138
20,5,LOPAMM,24,66.957843,39.089844,1811.673338,76843.616996,0.004718,0.047481,,2066,138
20,5,ind,24,525.756519,796.812543,6480.766824,692.244575,0.039422,0.165840,,2066,138
20,5,base,24,9.852484,13.715457,247.674392,10.332828,0.003103,0.036432,,597,138
20,5,LOPAMM,25,204.941963,87.377184,2888.876664,183360.192723,0.009625,0.072942,,1990,138
20,5,ind,25,1563.805354,1680.351145,7355.063209,1130.599110,0.066511,0.204816,,1990,138
20,5,base,25,24.987093,31.086237,423.214869,20.354426,0.006373,0.060537,,585,138
20,5,LOPAMM,26,104.227192,50.160794,2070.262701,139698.780854,0.005143,0.049675,,2058,138
20,5,ind,26,1074.059860,1234.102501,7207.567572,952.311233,0.048069,0.180354,,2058,138
20,5,base,26,20.256713,29.343975,268.853210,20.531214,0.003354,0.037821,,587,138
20,5,LOPAMM,27,85.573920,41.275534,2125.436368,108301.628134,0.005343,0.051442,,2112,138
20,5,ind,27,1097.558670,1078.742033,8535.805256,1070.215749,0.061435,0.198724,,2112,138
20,5,base,27,16.097221,20.993368,273.169088,15.386895,0.003316,0.039376,,588,138
20,5,LOPAMM,28,87.934276,39.387245,2332.757340,165995.154225,0.004956,0.048479,,1932,138
20,5,ind,28,1396.420970,1378.412731,9265.400443,1483.027770,0.070974,0.216542,,1932,138
20,5,base,28,26.052543,28.470416,343.841532,28.383578,0.004085,0.043874,,576,138
20,5,LOPAMM,29,85.387128,43.560067,1684.371450,58311.772649,0.005302,0.052605,,1960,138
20,5,ind,29,209.662871,502.398175,5103.173274,473.901405,0.030197,0.144100,,1960,138
20,5,base,29,6.298811,12.785278,211.759468,6.258292,0.002141,0.033558,,586,138
20,5,LOPAMM,30,90.172314,56.697019,2004.254566,113184.637679,0.005284,0.050449,,2006,138
20,5,ind,30,918.368657,1259.150689,7193.482762,1002.915128,0.052497,0.190814,,2006,138
20,5,base,30,17.100451,26.740209,273.619521,16.243992,0.003617,0.040263,,581,138
20,5,LOPAMM,31,79.281501,41.974544,2012.795907,83365.686496,0.004798,0.048634,,2042,138
20,5,ind,31,529.718541,1143.268956,7319.055903,868.254920,0.048238,0.181199,,2042,138
20,5,base,31,8.299612,18.200129,238.142343,9.975081,0.002857,0.035637,,589,138
20,5,LOPAMM,32,73.623521,38.343875,2143.852047,104461.854506,0.005142,0.051411,,1928,138
20,5,ind,32,796.197348,1193.244661,7716.040221,975.365414,0.054863,0.202039,,1928,138
20,5,base,32,13.914262,18.406425,297.857431,14.159556,0.003850,0.044271,,571,138
20,5,LOPAMM,33,111.832623,62.998960,2471.011437,178849.055819,0.005223,0.052481,,2164,138
20,5,ind,33,1671.343305,1598.131261,8655.311019,1244.853784,0.055922,0.186725,,2164,138
20,5,base,33,24.858718,34.410955,268.990978,23.058964,0.002659,0.036064,,610,138
20,5,LOPAMM,34,139.989175,64.101349,3412.121304,131449.010131,0.008424,0.070198,,1986,138
20,5,ind,34,652.658363,1020.759117,10798.389674,1362.568970,0.092692,0.266481,,1986,138
20,5,base,34,16.262965,18.249164,436.350304,16.856823,0.006419,0.063438,,574,138
20,5,LOPAMM,35,86.584283,47.736936,2307.657963,128344.741264,0.005471,0.054924,,1886,138
20,5,ind,35,1095.905997,1278.172140,8800.028177,1253.314271,0.067173,0.218893,,1886,138
20,5,base,35,16.937422,21.775702,291.311120,19.194821,0.003634,0.042879,,561,138
20,5,LOPAMM,36,79.708739,33.819287,2412.001788,99297.116382,0.004623,0.046547,,2102,138
20,5,ind,36,716.333682,1119.166802,9411.844326,1169.234024,0.063317,0.208915,,2102,138
20,5,base,36,13.964402,17.287308,317.098347,14.423988,0.004068,0.044078,,591,138
20,5,LOPAMM,37,141.743085,57.536298,3131.863703,118566.996563,0.008636,0.072301,,1908,138
20,5,ind,37,313.004007,1938.280096,9501.541032,1633.041237,0.090837,0.251956,,1908,138
20,5,base,37,7.320219,22.303124,417.882444,13.635729,0.005994,0.060148,,572,138
20,5,LOPAMM,38,129.368337,57.580373,2225.868607,125225.058796,0.008020,0.071822,,1714,138
20,5,ind,38,843.370471,946.110985,7723.734147,976.906669,0.064412,0.212492,,1714,138
20,5,base,38,9.588993,21.598513,316.860448,9.543915,0.004791,0.052711,,545,138
20,5,LOPAMM,39,75.688760,38.887353,2088.963451,84596.063635,0.005415,0.054513,,1966,138
20,5,ind,39,834.638977,1080.644516,7735.883944,881.255217,0.052069,0.190768,,1966,138
20,5,base,39,10.978055,16.481760,244.360963,10.654062,0.002684,0.037091,,581,138
